[LOG] Server running on port 5000
[LOG] Server running on port 5000
[LOG] Server running on port 5000
[LOG] Server running on port 5000
[LOG] GET /api/products called
[LOG] Fetched 19 products from DB
[LOG] Server running on port 5000
[LOG] Server running on port 5000
[LOG] Server running on port 5000
[LOG] GET /api/products called
[LOG] Fetched 19 products from DB
[LOG] GET /api/products called
[LOG] Fetched 38 products from DB
[LOG] Server running on port 5000
[LOG] Server running on port 5000
[LOG] Server running on port 5000
[LOG] GET /api/products called
[LOG] Fetched 38 products from DB
[LOG] GET /api/products called
[LOG] Fetched 38 products from DB
[LOG] GET /api/products called
[LOG] Fetched 38 products from DB
[LOG] GET /api/products called
[LOG] Fetched 38 products from DB
[LOG] GET /api/products called
[LOG] Fetched 38 products from DB
[LOG] GET /api/products called
[LOG] Fetched 38 products from DB
[LOG] GET /api/products called
[LOG] Fetched 38 products from DB
[LOG] GET /api/products called
[LOG] Fetched 38 products from DB
[LOG] Server running on port 5000
[LOG] GET /api/products called
[LOG] Fetched 38 products from DB
[LOG] GET /api/products called
[LOG] Fetched 38 products from DB
[LOG] Server running on port 5000
[LOG] GET /api/products called
[LOG] Fetched 38 products from DB
[LOG] GET /api/products called
[LOG] Fetched 38 products from DB
[LOG] GET /api/products called
[LOG] Fetched 38 products from DB
[LOG] GET /api/products called
[LOG] Fetched 38 products from DB
[LOG] Server running on port 5000
[LOG] GET /api/products called
[LOG] Fetched 38 products from DB
[LOG] GET /api/products called
[LOG] Fetched 38 products from DB
[LOG] GET /api/products called
[LOG] Fetched 38 products from DB
[LOG] Server running on port 5000
[LOG] Server running on port 5000
[LOG] Server running on port 5000
[LOG] Server running on port 5000
[LOG] GET /api/products called
[LOG] Fetched 38 products from DB
[LOG] GET /api/products called
[LOG] Fetched 38 products from DB
[LOG] GET /api/products called
[LOG] Fetched 38 products from DB
[LOG] GET /api/products called
[LOG] Fetched 38 products from DB
[LOG] GET /api/products called
[LOG] Fetched 38 products from DB
[LOG] GET /api/products called
[LOG] Fetched 38 products from DB
[LOG] GET /api/products called
[LOG] Fetched 38 products from DB
[LOG] GET /api/products called
[LOG] Fetched 38 products from DB
[LOG] Server running on port 5000
[LOG] GET /api/products called
[LOG] Fetched 38 products from DB
[LOG] GET /api/products called
[LOG] Fetched 38 products from DB
[LOG] Server running on port 5000
[LOG] Server running on port 5000
[LOG] GET /api/products called
[LOG] Fetched 19 products from DB
[LOG] GET /api/products called
[LOG] Fetched 19 products from DB
[LOG] Server running on port 5000
[LOG] GET /api/products called
[LOG] Fetched 19 products from DB
[LOG] GET /api/products called
[LOG] Fetched 19 products from DB
[LOG] Server running on port 5000
[LOG] GET /api/products called
[LOG] Fetched 19 products from DB
[LOG] GET /api/products called
[LOG] Fetched 19 products from DB
[LOG] Server running on port 5000
[LOG] GET /api/products called
[ERROR] Error fetching products: error: password authentication failed for user "postgres"
[LOG] GET /api/products called
[ERROR] Error fetching products: error: password authentication failed for user "postgres"
[LOG] Server running on port 5000
[LOG] GET /api/products called
[LOG] Fetched 19 products from DB
[LOG] GET /api/products called
[LOG] Fetched 19 products from DB
[LOG] Server running on port 5000
[LOG] Server running on port 5000
[LOG] GET /api/products called
[LOG] Fetched 19 products from DB
[LOG] GET /api/products called
[LOG] Fetched 19 products from DB
[LOG] GET /api/products called
[LOG] Fetched 19 products from DB
[LOG] GET /api/products called
[LOG] Fetched 19 products from DB
[LOG] Server running on port 5000
[LOG] GET /api/products called
[LOG] Fetched 19 products from DB
[LOG] GET /api/products called
[LOG] Fetched 19 products from DB
[LOG] GET /api/products called
[LOG] Fetched 19 products from DB
[LOG] GET /api/products called
[LOG] Fetched 19 products from DB
[LOG] GET /api/products called
[LOG] Fetched 19 products from DB
[LOG] GET /api/products called
[LOG] Fetched 19 products from DB
[LOG] Server running on port 5000
[LOG] GET /api/products called
[LOG] Fetched 19 products from DB
[LOG] GET /api/products called
[LOG] Fetched 19 products from DB
[LOG] GET /api/products called
[LOG] Fetched 19 products from DB
[LOG] GET /api/products called
[LOG] Fetched 19 products from DB
[LOG] Server running on port 5000
[LOG] Server running on port 5000
[LOG] Server running on port 5000
[LOG] GET /api/products called
[LOG] Fetched 19 products from DB
[LOG] GET /api/products called
[LOG] Fetched 19 products from DB
[LOG] GET /api/products called
[LOG] Fetched 19 products from DB
[LOG] GET /api/products called
[LOG] Fetched 19 products from DB
[LOG] GET /api/products called
[LOG] Fetched 19 products from DB
[LOG] GET /api/products called
[LOG] Fetched 19 products from DB
[LOG] GET /api/products called
[LOG] Fetched 19 products from DB
[LOG] GET /api/products called
[LOG] Fetched 19 products from DB
[LOG] GET /api/products called
[LOG] Fetched 19 products from DB
[LOG] GET /api/products called
[LOG] Fetched 19 products from DB
[LOG] Server running on port 5000
[LOG] Server running on port 5000
[LOG] Server running on port 5000
[LOG] Server running on port 5000
[LOG] Server running on port 5000
[LOG] GET /api/products called
[LOG] Fetched 19 products from DB
[LOG] GET /api/products called
[LOG] Fetched 19 products from DB
[LOG] Server running on port 5000
[LOG] Server running on port 5000
[LOG] Server running on port 5000
[LOG] GET /api/products called
[LOG] Fetched 19 products from DB
[LOG] GET /api/products called
[LOG] Fetched 19 products from DB
[LOG] Server running on port 5000
[LOG] Server running on port 5000
[LOG] Server running on port 5000
[LOG] Server running on port 5000
[LOG] Server running on port 5000
[LOG] Server running on port 5000
[LOG] Server running on port 5000
[ERROR] Error fetching products: Error: SASL: SCRAM-SERVER-FIRST-MESSAGE: client password must be a string
[ERROR] Error fetching users: Error: SASL: SCRAM-SERVER-FIRST-MESSAGE: client password must be a string
[ERROR] Error fetching orders: Error: SASL: SCRAM-SERVER-FIRST-MESSAGE: client password must be a string
[ERROR] Error fetching products: Error: SASL: SCRAM-SERVER-FIRST-MESSAGE: client password must be a string
[ERROR] Error fetching users: Error: SASL: SCRAM-SERVER-FIRST-MESSAGE: client password must be a string
[ERROR] Error fetching orders: Error: SASL: SCRAM-SERVER-FIRST-MESSAGE: client password must be a string
[LOG] Server running on port 5000
[ERROR] Error fetching products: Error: SASL: SCRAM-SERVER-FIRST-MESSAGE: client password must be a string
[ERROR] Error fetching users: Error: SASL: SCRAM-SERVER-FIRST-MESSAGE: client password must be a string
[ERROR] Error fetching orders: Error: SASL: SCRAM-SERVER-FIRST-MESSAGE: client password must be a string
[ERROR] Error fetching products: Error: SASL: SCRAM-SERVER-FIRST-MESSAGE: client password must be a string
[ERROR] Error fetching users: Error: SASL: SCRAM-SERVER-FIRST-MESSAGE: client password must be a string
[ERROR] Error fetching orders: Error: SASL: SCRAM-SERVER-FIRST-MESSAGE: client password must be a string
[LOG] Server running on port 5000
[ERROR] Error fetching users: Error: SASL: SCRAM-SERVER-FIRST-MESSAGE: client password must be a string
[ERROR] Error fetching orders: Error: SASL: SCRAM-SERVER-FIRST-MESSAGE: client password must be a string
[ERROR] Error fetching products: Error: SASL: SCRAM-SERVER-FIRST-MESSAGE: client password must be a string
[ERROR] Error fetching users: Error: SASL: SCRAM-SERVER-FIRST-MESSAGE: client password must be a string
[ERROR] Error fetching orders: Error: SASL: SCRAM-SERVER-FIRST-MESSAGE: client password must be a string
[ERROR] Error fetching products: Error: SASL: SCRAM-SERVER-FIRST-MESSAGE: client password must be a string
[LOG] Server running on port 5000
[LOG] GET /api/products called
[LOG] Fetched 19 products from DB
[LOG] GET /api/products called
[LOG] Fetched 19 products from DB
[LOG] GET /api/products called
[LOG] Fetched 20 products from DB
[LOG] GET /api/products called
[LOG] Fetched 20 products from DB
[LOG] GET /api/products called
[LOG] Fetched 20 products from DB
[LOG] GET /api/products called
[LOG] Fetched 20 products from DB
[LOG] GET /api/products called
[LOG] Fetched 21 products from DB
[LOG] GET /api/products called
[LOG] Fetched 21 products from DB
[LOG] Server running on port 5000
[LOG] GET /api/products called
[LOG] Fetched 21 products from DB
[LOG] GET /api/products called
[LOG] Fetched 21 products from DB
[LOG] GET /api/products called
[LOG] Fetched 20 products from DB
[LOG] GET /api/products called
[LOG] Fetched 20 products from DB
[LOG] [UPLOAD] Product ID: 7ad07f18-9971-4ee3-9a8f-e08a6434c468
[LOG] [UPLOAD] Saving image to: /workspaces/store/backend/public/uploads/products/7ad07f18-9971-4ee3-9a8f-e08a6434c468/1d5be263-71b5-43d5-bbb2-f6c0cbe14503.jpeg
[LOG] GET /api/products called
[LOG] Fetched 20 products from DB
[LOG] GET /api/products called
[LOG] Fetched 20 products from DB
[LOG] GET /api/products called
[LOG] Fetched 21 products from DB
[LOG] GET /api/products called
[LOG] Fetched 21 products from DB
[LOG] GET /api/products called
[LOG] Fetched 21 products from DB
[LOG] GET /api/products called
[LOG] Fetched 21 products from DB
[LOG] [UPLOAD] Product ID: 832b4b3d-3882-4323-804a-bb8eda960121
[LOG] [UPLOAD] Saving image to: /workspaces/store/backend/public/uploads/products/832b4b3d-3882-4323-804a-bb8eda960121/7d404b50-386c-4f6e-8b28-6f638d680796.jpeg
[LOG] GET /api/products called
[LOG] Fetched 20 products from DB
[LOG] GET /api/products called
[LOG] Fetched 20 products from DB
[LOG] GET /api/products called
[LOG] Fetched 20 products from DB
[LOG] GET /api/products called
[LOG] Fetched 20 products from DB
[LOG] GET /api/products called
[LOG] Fetched 21 products from DB
[LOG] GET /api/products called
[LOG] Fetched 21 products from DB
[LOG] GET /api/products called
[LOG] Fetched 21 products from DB
[LOG] GET /api/products called
[LOG] Fetched 21 products from DB
[LOG] GET /api/products called
[LOG] Fetched 21 products from DB
[LOG] GET /api/products called
[LOG] Fetched 21 products from DB
[LOG] GET /api/products called
[LOG] Fetched 21 products from DB
[LOG] GET /api/products called
[LOG] Fetched 21 products from DB
[LOG] GET /api/products called
[LOG] Fetched 21 products from DB
[LOG] GET /api/products called
[LOG] Fetched 21 products from DB
[LOG] [UPLOAD] Product ID: 8a65f593-ad67-40be-a3bb-fa78419567d2
[LOG] [UPLOAD] Saving image to: /workspaces/store/backend/public/uploads/products/8a65f593-ad67-40be-a3bb-fa78419567d2/bdd1ae65-4ef5-442d-82f6-ffeac8e38da2.svg
[LOG] GET /api/products called
[LOG] Fetched 21 products from DB
[LOG] GET /api/products called
[LOG] Fetched 21 products from DB
[LOG] GET /api/products called
[LOG] Fetched 21 products from DB
[LOG] GET /api/products called
[LOG] Fetched 21 products from DB
[LOG] GET /api/products called
[LOG] Fetched 21 products from DB
[LOG] GET /api/products called
[LOG] Fetched 21 products from DB
[LOG] GET /api/products called
[LOG] Fetched 21 products from DB
[LOG] GET /api/products called
[LOG] Fetched 21 products from DB
[LOG] GET /api/products called
[LOG] Fetched 21 products from DB
[LOG] GET /api/products called
[LOG] Fetched 21 products from DB
[LOG] Server running on port 5000
[LOG] Server running on port 5000
[LOG] GET /api/products called
[LOG] Fetched 21 products from DB
[LOG] GET /api/products called
[LOG] Fetched 21 products from DB
[LOG] GET /api/products called
[LOG] Fetched 21 products from DB
[LOG] GET /api/products called
[LOG] Fetched 21 products from DB
[LOG] GET /api/products called
[LOG] Fetched 21 products from DB
[LOG] GET /api/products called
[LOG] Fetched 21 products from DB
[LOG] Server running on port 5000
[LOG] Server running on port 5000
[LOG] GET /api/products called
[LOG] Fetched 21 products from DB
[LOG] GET /api/products called
[LOG] Fetched 21 products from DB
[LOG] [UPLOAD] Received request to upload image for Product ID: 4245cd1e-49f6-467b-8c10-7d2811c603bc
[LOG] [UPLOAD] Using product name as folder: jukl
[LOG] [UPLOAD] Created folder: /workspaces/store/backend/public/uploads/products/jukl
[LOG] [UPLOAD] Saving image to: /workspaces/store/backend/public/uploads/products/jukl/da3f0be9-2437-4026-9195-54afd34bbd9c.jpg
[LOG] [UPLOAD] File moved successfully to: /workspaces/store/backend/public/uploads/products/jukl/da3f0be9-2437-4026-9195-54afd34bbd9c.jpg
[LOG] [UPLOAD] Image URL to be saved in DB: /uploads/products/jukl/da3f0be9-2437-4026-9195-54afd34bbd9c.jpg
[LOG] [UPLOAD] Image URL saved to database successfully
[LOG] GET /api/products called
[LOG] Fetched 22 products from DB
[LOG] GET /api/products called
[LOG] Fetched 22 products from DB
[LOG] GET /api/products called
[LOG] Fetched 22 products from DB
[LOG] GET /api/products called
[LOG] Fetched 22 products from DB
[LOG] GET /api/products called
[LOG] Fetched 22 products from DB
[LOG] GET /api/products called
[LOG] Fetched 22 products from DB
[LOG] GET /api/products called
[LOG] Fetched 22 products from DB
[LOG] GET /api/products called
[LOG] Fetched 22 products from DB
[LOG] GET /api/products called
[LOG] Fetched 22 products from DB
[LOG] GET /api/products called
[LOG] Fetched 22 products from DB
[LOG] Server running on port 5000
[LOG] GET /api/products called
[LOG] Fetched 22 products from DB
[LOG] GET /api/products called
[LOG] Fetched 22 products from DB
[LOG] GET /api/products called
[LOG] Fetched 22 products from DB
[LOG] GET /api/products called
[LOG] Fetched 22 products from DB
[LOG] GET /api/products called
[LOG] Fetched 22 products from DB
[LOG] GET /api/products called
[LOG] Fetched 22 products from DB
[LOG] GET /api/products called
[LOG] Fetched 22 products from DB
[LOG] GET /api/products called
[LOG] Fetched 22 products from DB
[LOG] GET /api/products called
[LOG] Fetched 22 products from DB
[LOG] GET /api/products called
[LOG] Fetched 22 products from DB
[LOG] Server running on port 5000
[LOG] GET /api/products called
[LOG] Fetched 22 products from DB
[LOG] GET /api/products called
[LOG] Fetched 22 products from DB
[LOG] Server running on port 5000
[LOG] Server running on port 5000
[LOG] GET /api/products called
[LOG] Fetched 22 products from DB
[LOG] GET /api/products called
[LOG] Fetched 22 products from DB
[LOG] Server running on port 5000
[LOG] Server running on port 5000
[LOG] GET /api/products called
[LOG] Fetched 22 products from DB
[LOG] GET /api/products called
[LOG] Fetched 22 products from DB
[LOG] Server running on port 5000
[LOG] GET /api/products called
[LOG] Fetched 22 products from DB
[LOG] GET /api/products called
[LOG] Fetched 22 products from DB
[LOG] GET /api/products called
[LOG] Fetched 22 products from DB
[LOG] GET /api/products called
[LOG] Fetched 22 products from DB
[LOG] GET /api/products called
[LOG] Fetched 22 products from DB
[LOG] GET /api/products called
[LOG] Fetched 22 products from DB
[LOG] GET /api/products called
[LOG] Fetched 22 products from DB
[LOG] GET /api/products called
[LOG] Fetched 22 products from DB
[LOG] GET /api/products called
[LOG] Fetched 22 products from DB
[LOG] GET /api/products called
[LOG] Fetched 22 products from DB
[LOG] Server running on port 5000
[LOG] GET /api/products called
[LOG] Fetched 22 products from DB
[LOG] GET /api/products called
[LOG] Fetched 22 products from DB
[LOG] GET /api/products called
[LOG] Fetched 19 products from DB
[LOG] GET /api/products called
[LOG] Fetched 19 products from DB
[LOG] Server running on port 5000
[LOG] Server running on port 5000
[LOG] GET /api/products called
[ERROR] Error fetching products: AggregateError
[LOG] GET /api/products called
[ERROR] Error fetching products: AggregateError
[LOG] Server running on port 5000
[LOG] GET /api/products called
[ERROR] Error fetching products: error: relation "lego_products" does not exist
[LOG] GET /api/products called
[ERROR] Error fetching products: error: relation "lego_products" does not exist
[LOG] Server running on port 5000
[LOG] GET /api/products called
[LOG] Fetched 19 products from DB
[LOG] GET /api/products called
[LOG] Fetched 19 products from DB
[LOG] Server running on port 5000
[LOG] Server running on port 5000
[LOG] GET /api/products called
[LOG] Fetched 19 products from DB
[LOG] GET /api/products called
[LOG] Fetched 19 products from DB
[LOG] Server running on port 5000
[LOG] Server running on port 5000
[LOG] GET /api/products called
[LOG] Fetched 19 products from DB
[LOG] GET /api/products called
[LOG] Fetched 19 products from DB
[LOG] GET /api/products called
[LOG] Fetched 19 products from DB
[LOG] GET /api/products called
[LOG] Fetched 19 products from DB
[LOG] Server running on port 5000
[LOG] GET /api/products called
[LOG] Fetched 19 products from DB
[LOG] GET /api/products called
[LOG] Fetched 19 products from DB
[LOG] Server running on port 5000
[LOG] [UPLOAD] Received request to upload image for Product ID: 004039fa-08a9-4e04-a5ce-734358f1e09f
[LOG] [UPLOAD] Using product name as folder: jkmbm
[LOG] [UPLOAD] Created folder: /workspaces/store/backend/public/uploads/products/jkmbm
[LOG] [UPLOAD] Saving image to: /workspaces/store/backend/public/uploads/products/jkmbm/91fbdfb5-6c5e-499d-83ca-cb6722832e01.png
[LOG] [UPLOAD] File moved successfully to: /workspaces/store/backend/public/uploads/products/jkmbm/91fbdfb5-6c5e-499d-83ca-cb6722832e01.png
[LOG] [UPLOAD] Image URL to be saved in DB: /uploads/products/jkmbm/91fbdfb5-6c5e-499d-83ca-cb6722832e01.png
[LOG] [UPLOAD] Image URL saved to database successfully
[LOG] GET /api/products called
[LOG] Fetched 20 products from DB
[LOG] GET /api/products called
[LOG] Fetched 20 products from DB
[ERROR] Error: ENOENT: no such file or directory, open '/workspaces/store/backend/public/uploads/tmp/fe24af7d812723e01952d982e628066b'
[ERROR] Error: ENOENT: no such file or directory, open '/workspaces/store/backend/public/uploads/tmp/9878c796d3493159074f86550ab754e9'
[LOG] Server running on port 5000
[LOG] GET /api/products called
[LOG] Fetched 19 products from DB
[LOG] GET /api/products called
[LOG] Fetched 19 products from DB
[LOG] [UPLOAD] Received request to upload image for Product ID: 3f72218a-8178-470b-b131-d836edfe02f5
[LOG] [UPLOAD] Using product name as folder: jhvj
[LOG] [UPLOAD] Created folder: /workspaces/store/public/uploads/products/jhvj
[LOG] [UPLOAD] Saving image to: /workspaces/store/public/uploads/products/jhvj/495f81f7-fc1e-4515-b756-17ad0c1ebf0e.png
[LOG] [UPLOAD] File moved successfully to: /workspaces/store/public/uploads/products/jhvj/495f81f7-fc1e-4515-b756-17ad0c1ebf0e.png
[LOG] [UPLOAD] Image URL to be saved in DB: /uploads/products/jhvj/495f81f7-fc1e-4515-b756-17ad0c1ebf0e.png
[LOG] [UPLOAD] Image URL saved to database successfully
[LOG] GET /api/products called
[LOG] Fetched 20 products from DB
[LOG] GET /api/products called
[LOG] Fetched 20 products from DB
[LOG] Server running on port 5000
[LOG] GET /api/products called
[LOG] Fetched 20 products from DB
[LOG] GET /api/products called
[LOG] Fetched 20 products from DB
[LOG] Server running on port 5000
[LOG] Server running on port 5000
[LOG] Server running on port 5000
[LOG] Server running on port 5000
[LOG] GET /api/products called
[LOG] Fetched 20 products from DB
[LOG] GET /api/products called
[LOG] Fetched 20 products from DB
[ERROR] Register error: error: column "name" of relation "users" does not exist
[ERROR] Register error: error: column "name" of relation "users" does not exist
[LOG] Server running on port 5000
[LOG] Server running on port 5000
[LOG] Server running on port 5000
[LOG] Server running on port 5000
[LOG] Register request body: [object Object]
[LOG] Register request body: [object Object]
[LOG] Register request body: [object Object]
[LOG] GET /api/products called
[LOG] Fetched 20 products from DB
[LOG] GET /api/products called
[LOG] Fetched 20 products from DB
[LOG] GET /api/products called
[LOG] Fetched 20 products from DB
[LOG] GET /api/products called
[LOG] Fetched 20 products from DB
[LOG] GET /api/products called
[LOG] Fetched 20 products from DB
[LOG] GET /api/products called
[LOG] Fetched 20 products from DB
[LOG] GET /api/products called
[LOG] Fetched 20 products from DB
[LOG] GET /api/products called
[LOG] Fetched 20 products from DB
[LOG] GET /api/products called
[LOG] Fetched 20 products from DB
[LOG] GET /api/products called
[LOG] Fetched 20 products from DB
[LOG] GET /api/products called
[LOG] Fetched 20 products from DB
[LOG] GET /api/products called
[LOG] Fetched 20 products from DB
[LOG] GET /api/products called
[LOG] Fetched 20 products from DB
[LOG] GET /api/products called
[LOG] Fetched 20 products from DB
[LOG] Server running on port 5000
[LOG] Server running on port 5000
[LOG] GET /api/products called
[LOG] Fetched 20 products from DB
[LOG] GET /api/products called
[LOG] Fetched 20 products from DB
[LOG] GET /api/products called
[LOG] Fetched 20 products from DB
[LOG] GET /api/products called
[LOG] Fetched 20 products from DB
[LOG] Server running on port 5000
[LOG] Server running on port 5000
[LOG] Server running on port 5000
[LOG] Server running on port 5000
[LOG] Server running on port 5000
[LOG] Server running on port 5000
[LOG] GET /api/products called
[LOG] Fetched 20 products from DB
[LOG] GET /api/products called
[LOG] Fetched 20 products from DB
[LOG] GET /api/products called
[LOG] Fetched 20 products from DB
[LOG] GET /api/products called
[LOG] Fetched 20 products from DB
[LOG] GET /api/products called
[LOG] Fetched 20 products from DB
[LOG] GET /api/products called
[LOG] Fetched 20 products from DB
[LOG] GET /api/products called
[LOG] Fetched 20 products from DB
[LOG] Server running on port 5000
[LOG] Server running on port 5000
[LOG] Server running on port 5000
[LOG] Server running on port 5000
[LOG] Server running on port 5000
[LOG] GET /api/products called
[LOG] Fetched 20 products from DB
[LOG] GET /api/products called
[LOG] Fetched 20 products from DB
[LOG] GET /api/products called
[LOG] Fetched 20 products from DB
[LOG] GET /api/products called
[LOG] Fetched 20 products from DB
[LOG] GET /api/products called
[LOG] Fetched 20 products from DB
[LOG] GET /api/products called
[LOG] Fetched 20 products from DB
[ERROR] Error adding to cart: error: column p.title does not exist
[ERROR] Error fetching cart items: error: column p.title does not exist
[LOG] Server running on port 5000
[LOG] Server running on port 5000
[LOG] Server running on port 5000
[LOG] Server running on port 5000
[LOG] Server running on port 5000
[LOG] Server running on port 5000
[LOG] Register request body: [object Object]
[LOG] GET /api/products called
[LOG] Fetched 20 products from DB
[ERROR] Error adding to cart: error: column "filename" does not exist
[ERROR] Order creation transaction failed: error: column "total_price" of relation "orders" does not exist
[LOG] Server running on port 5000
[LOG] GET /api/products called
[LOG] Fetched 20 products from DB
[LOG] GET /api/products called
[LOG] Fetched 20 products from DB
[LOG] GET /api/products called
[LOG] Fetched 20 products from DB
[LOG] GET /api/products called
[LOG] Fetched 20 products from DB
[LOG] GET /api/products called
[LOG] Fetched 20 products from DB
[LOG] GET /api/products called
[LOG] Fetched 20 products from DB
[LOG] GET /api/products called
[LOG] Fetched 20 products from DB
[LOG] GET /api/products called
[LOG] Fetched 20 products from DB
[ERROR] Error adding to cart: error: column "filename" does not exist
[ERROR] Error adding to cart: error: column "filename" does not exist
[ERROR] Error adding to cart: error: column "filename" does not exist
[ERROR] Error adding to cart: error: column "filename" does not exist
[ERROR] Error adding to cart: error: column "filename" does not exist
[ERROR] Error adding to cart: error: column "filename" does not exist
[ERROR] Error adding to cart: error: column "filename" does not exist
[ERROR] Error fetching cart items: error: column "filename" does not exist
[ERROR] Error fetching cart items: error: column "filename" does not exist
[ERROR] Error adding to cart: error: column "filename" does not exist
[ERROR] Error fetching cart items: error: column "filename" does not exist
[ERROR] Error fetching cart items: error: column "filename" does not exist
[LOG] GET /api/products called
[LOG] Fetched 20 products from DB
[LOG] GET /api/products called
[LOG] Fetched 20 products from DB
[LOG] GET /api/products called
[LOG] Fetched 20 products from DB
[LOG] Register request body: [object Object]
[ERROR] Error adding to cart: error: column "filename" does not exist
[ERROR] Error fetching cart items: error: column "filename" does not exist
[LOG] GET /api/products called
[LOG] Fetched 20 products from DB
[ERROR] Error adding to cart: error: column "filename" does not exist
[ERROR] Error fetching cart items: error: column "filename" does not exist
[ERROR] Error fetching cart items: error: column "filename" does not exist
[LOG] GET /api/products called
[LOG] Fetched 20 products from DB
[LOG] GET /api/products called
[LOG] Fetched 20 products from DB
[ERROR] Error adding to cart: error: column "filename" does not exist
[ERROR] Error adding to cart: error: column "filename" does not exist
[ERROR] Error adding to cart: error: column "filename" does not exist
[ERROR] Error adding to cart: error: column "filename" does not exist
[ERROR] Error adding to cart: error: column "filename" does not exist
[ERROR] Error adding to cart: error: column "filename" does not exist
[ERROR] Error adding to cart: error: column "filename" does not exist
[LOG] GET /api/products called
[LOG] Fetched 20 products from DB
[LOG] GET /api/products called
[LOG] Fetched 20 products from DB
[ERROR] Error adding to cart: error: column "filename" does not exist
[ERROR] Error adding to cart: error: column "filename" does not exist
[ERROR] Error adding to cart: error: column "filename" does not exist
[ERROR] Error fetching cart items: error: column "filename" does not exist
[LOG] GET /api/products called
[LOG] Fetched 20 products from DB
[LOG] GET /api/products called
[LOG] Fetched 20 products from DB
[ERROR] Error adding to cart: error: column "filename" does not exist
[ERROR] Error adding to cart: error: column "filename" does not exist
[ERROR] Error adding to cart: error: column "filename" does not exist
[ERROR] Error adding to cart: error: column "filename" does not exist
[ERROR] Error adding to cart: error: column "filename" does not exist
[ERROR] Error adding to cart: error: column "filename" does not exist
[LOG] Server running on port 5000
[LOG] Server running on port 5000
[ERROR] Login error: AggregateError
[ERROR] Login error: AggregateError
[LOG] Server running on port 5000
[LOG] Server running on port 5000
[ERROR] Login error: AggregateError
[LOG] Server running on port 5000
[ERROR] Login error: error: relation "users" does not exist
[LOG] Server running on port 5000
[LOG] GET /api/products called
[ERROR] Error fetching products: error: relation "lego_products" does not exist
[LOG] GET /api/products called
[ERROR] Error fetching products: error: relation "lego_products" does not exist
[LOG] Server running on port 5000
[LOG] Server running on port 5000
[LOG] Server running on port 5000
[LOG] GET /api/products called
[ERROR] Error fetching products: Error: SUPABASE_URL not configured
[LOG] GET /api/products called
[ERROR] Error fetching products: Error: SUPABASE_URL not configured
[LOG] Server running on port 5000
[LOG] GET /api/products called
[ERROR] Error fetching products: Error: SUPABASE_URL not configured
[LOG] GET /api/products called
[ERROR] Error fetching products: Error: SUPABASE_URL not configured
[LOG] GET /api/products called
[ERROR] Error fetching products: Error: SUPABASE_URL not configured
[LOG] GET /api/products called
[ERROR] Error fetching products: Error: SUPABASE_URL not configured
[LOG] Server running on port 5000
[LOG] GET /api/products called
[ERROR] Error fetching products: Error: SUPABASE_URL not configured
[LOG] GET /api/products called
[ERROR] Error fetching products: Error: SUPABASE_URL not configured
[LOG] Server running on port 5000
[LOG] Server running on port 5000
[LOG] GET /api/products called
[ERROR] Error fetching products: Error: SUPABASE_URL not configured
[LOG] GET /api/products called
[ERROR] Error fetching products: Error: SUPABASE_URL not configured
[LOG] Server running on port 5000
[LOG] Server running on port 5000
[LOG] Server running on port 5000
[LOG] GET /api/products called
[LOG] Fetched 19 products from DB
[LOG] GET /api/products called
[LOG] Fetched 19 products from DB
[LOG] [UPLOAD] Received request to upload image for Product ID: 435a2703-cc6e-413c-8b39-90aa2cea62a7
[LOG] [UPLOAD] Using product name as folder: lego batman
[LOG] [UPLOAD] Created folder: /workspaces/store/public/uploads/products/lego batman
[LOG] [UPLOAD] Saving image to: /workspaces/store/public/uploads/products/lego batman/7ed1050e-a78c-4572-a9a1-07a91807338e.jpeg
[LOG] [UPLOAD] File moved successfully to: /workspaces/store/public/uploads/products/lego batman/7ed1050e-a78c-4572-a9a1-07a91807338e.jpeg
[LOG] [UPLOAD] Image URL to be saved in DB: /uploads/products/lego batman/7ed1050e-a78c-4572-a9a1-07a91807338e.jpeg
[ERROR] [UPLOAD] DB insert error: Error: Supabase REST error 400: {"code":"PGRST204","details":null,"hint":null,"message":"Could not find the 'created_at' column of 'product_images' in the schema cache"}
[LOG] [UPLOAD] Received request to upload image for Product ID: 435a2703-cc6e-413c-8b39-90aa2cea62a7
[LOG] [UPLOAD] Using product name as folder: lego batman
[LOG] [UPLOAD] Saving image to: /workspaces/store/public/uploads/products/lego batman/4b1c402f-696c-4e51-8711-fdc3ea2672df.jpeg
[LOG] [UPLOAD] File moved successfully to: /workspaces/store/public/uploads/products/lego batman/4b1c402f-696c-4e51-8711-fdc3ea2672df.jpeg
[LOG] [UPLOAD] Image URL to be saved in DB: /uploads/products/lego batman/4b1c402f-696c-4e51-8711-fdc3ea2672df.jpeg
[ERROR] [UPLOAD] DB insert error: Error: Supabase REST error 400: {"code":"PGRST204","details":null,"hint":null,"message":"Could not find the 'created_at' column of 'product_images' in the schema cache"}
[LOG] [UPLOAD] Received request to upload image for Product ID: 435a2703-cc6e-413c-8b39-90aa2cea62a7
[ERROR] [UPLOAD] Product not found for ID: 435a2703-cc6e-413c-8b39-90aa2cea62a7
[LOG] [UPLOAD] Received request to upload image for Product ID: bcf84a12-5f6e-46de-83de-f7acd306f2dd
[LOG] [UPLOAD] Using product name as folder: legoooooooooujbkjh
[LOG] [UPLOAD] Created folder: /workspaces/store/public/uploads/products/legoooooooooujbkjh
[LOG] [UPLOAD] Saving image to: /workspaces/store/public/uploads/products/legoooooooooujbkjh/6c07e69b-baf7-4a66-ba3b-09c3ead97e67.png
[LOG] [UPLOAD] File moved successfully to: /workspaces/store/public/uploads/products/legoooooooooujbkjh/6c07e69b-baf7-4a66-ba3b-09c3ead97e67.png
[LOG] [UPLOAD] Image URL to be saved in DB: /uploads/products/legoooooooooujbkjh/6c07e69b-baf7-4a66-ba3b-09c3ead97e67.png
[ERROR] [UPLOAD] DB insert error: Error: Supabase REST error 400: {"code":"PGRST204","details":null,"hint":null,"message":"Could not find the 'created_at' column of 'product_images' in the schema cache"}
[LOG] Server running on port 5000
[LOG] GET /api/products called
[LOG] Fetched 20 products from DB
[LOG] GET /api/products called
[LOG] Fetched 20 products from DB
[LOG] Register request body: [object Object]
[ERROR] Error merging cart items: Error: Supabase REST error 400: {"code":"42703","details":null,"hint":null,"message":"column cart_items.user_id does not exist"}
[ERROR] Error fetching cart items: Error: Supabase REST error 400: {"code":"42703","details":null,"hint":null,"message":"column cart_items.user_id does not exist"}
[LOG] GET /api/products called
[LOG] Fetched 20 products from DB
[LOG] GET /api/products called
[LOG] Fetched 20 products from DB
[LOG] Server running on port 5000
[LOG] Server running on port 5000
[LOG] Server running on port 5000
[LOG] Server running on port 5000
[LOG] GET /api/products called
[LOG] Fetched 20 products from DB
[LOG] GET /api/products called
[LOG] Fetched 20 products from DB
[LOG] Server running on port 5000
[LOG] Server running on port 5000
[LOG] GET /api/products called
[LOG] Fetched 20 products from DB
[LOG] GET /api/products called
[LOG] Fetched 20 products from DB
[LOG] Server running on port 5000
[LOG] Server running on port 5000
[LOG] GET /api/products called
[LOG] Fetched 20 products from DB
[LOG] GET /api/products called
[LOG] Fetched 20 products from DB
[LOG] Server running on port 5000
[LOG] GET /api/products called
[LOG] Fetched 20 products from DB
[LOG] GET /api/products called
[LOG] Fetched 20 products from DB
[LOG] GET /api/products called
[LOG] Fetched 20 products from DB
[LOG] GET /api/products called
[LOG] Fetched 20 products from DB
[LOG] GET /api/products called
[LOG] Fetched 20 products from DB
[LOG] GET /api/products called
[LOG] Fetched 20 products from DB
[LOG] GET /api/products called
[LOG] Fetched 20 products from DB
[LOG] GET /api/products called
[LOG] Fetched 20 products from DB
[LOG] Server running on port 5000
[LOG] Server running on port 5000
[LOG] Server running on port 5000
[LOG] GET /api/products called
[LOG] Fetched 20 products from DB
[LOG] GET /api/products called
[LOG] Fetched 20 products from DB
[LOG] GET /api/products called
[LOG] Fetched 20 products from DB
[LOG] GET /api/products called
[LOG] Fetched 20 products from DB
[LOG] GET /api/products called
[LOG] Fetched 20 products from DB
[LOG] GET /api/products called
[LOG] Fetched 20 products from DB
[LOG] GET /api/products called
[LOG] Fetched 20 products from DB
[LOG] GET /api/products called
[LOG] Fetched 20 products from DB
[LOG] GET /api/products called
[LOG] Fetched 20 products from DB
[LOG] GET /api/products called
[LOG] Fetched 20 products from DB
[LOG] GET /api/products called
[LOG] Fetched 20 products from DB
[LOG] GET /api/products called
[LOG] Fetched 20 products from DB
[LOG] GET /api/products called
[LOG] Fetched 20 products from DB
[LOG] GET /api/products called
[LOG] Fetched 20 products from DB
[LOG] Server running on port 5000
[LOG] GET /api/products called
[LOG] Fetched 20 products from DB
[LOG] GET /api/products called
[LOG] Fetched 20 products from DB
[LOG] GET /api/products called
[LOG] Fetched 20 products from DB
[LOG] GET /api/products called
[LOG] Fetched 20 products from DB
[LOG] Server running on port 5000
[LOG] GET /api/products called
[LOG] Fetched 20 products from DB
[LOG] GET /api/products called
[LOG] Fetched 20 products from DB
[LOG] GET /api/products called
[LOG] Fetched 20 products from DB
[LOG] GET /api/products called
[LOG] Fetched 20 products from DB
[LOG] GET /api/products called
[LOG] Fetched 20 products from DB
[LOG] GET /api/products called
[LOG] Fetched 20 products from DB
[LOG] GET /api/products called
[LOG] Fetched 20 products from DB
[LOG] GET /api/products called
[LOG] Fetched 20 products from DB
[LOG] GET /api/products called
[LOG] Fetched 20 products from DB
[LOG] GET /api/products called
[LOG] Fetched 20 products from DB
[LOG] Server running on port 5000
[LOG] Server running on port 5000
[LOG] GET /api/products called
[LOG] Fetched 20 products from DB
[LOG] GET /api/products called
[LOG] Fetched 20 products from DB
[LOG] GET /api/products called
[LOG] Fetched 20 products from DB
[LOG] GET /api/products called
[LOG] Fetched 20 products from DB
[LOG] GET /api/products called
[LOG] Fetched 20 products from DB
[LOG] GET /api/products called
[LOG] Fetched 20 products from DB
[LOG] GET /api/products called
[LOG] Fetched 20 products from DB
[LOG] GET /api/products called
[LOG] Fetched 20 products from DB
[LOG] GET /api/products called
[LOG] Fetched 20 products from DB
[LOG] GET /api/products called
[LOG] Fetched 20 products from DB
[LOG] GET /api/products called
[LOG] Fetched 20 products from DB
[LOG] GET /api/products called
[LOG] Fetched 20 products from DB
[LOG] GET /api/products called
[LOG] Fetched 20 products from DB
[LOG] GET /api/products called
[LOG] Fetched 20 products from DB
[LOG] GET /api/products called
[LOG] Fetched 20 products from DB
[LOG] GET /api/products called
[LOG] Fetched 20 products from DB
[ERROR] Error updating cart item: {}
[ERROR] Error updating cart item: {}
[ERROR] Error updating cart item: {}
[ERROR] Error updating cart item: {}
[ERROR] Error updating cart item: {}
[ERROR] Error updating cart item: {}
[ERROR] Error updating cart item: {}
[ERROR] Error updating cart item: {}
[ERROR] Error updating cart item: {}
[ERROR] Error updating cart item: {}
[ERROR] Error updating cart item: {}
[ERROR] Error updating cart item: {}
[ERROR] Error updating cart item: {}
[LOG] GET /api/products called
[LOG] Fetched 20 products from DB
[LOG] GET /api/products called
[LOG] Fetched 20 products from DB
[ERROR] Error updating cart item: {}
[ERROR] Error updating cart item: {}
[ERROR] Error updating cart item: {}
[ERROR] Error updating cart item: {}
[ERROR] Error updating cart item: {}
[ERROR] Error updating cart item: {}
[ERROR] Error deleting cart item: {}
[ERROR] Error deleting cart item: {}
[ERROR] Error deleting cart item: {}
[ERROR] Error deleting cart item: {}
[LOG] GET /api/products called
[LOG] Fetched 20 products from DB
[LOG] GET /api/products called
[LOG] Fetched 20 products from DB
[ERROR] Error updating cart item: {}
[LOG] GET /api/products called
[LOG] Fetched 20 products from DB
[LOG] GET /api/products called
[LOG] Fetched 20 products from DB
[LOG] GET /api/products called
[LOG] Fetched 20 products from DB
[LOG] GET /api/products called
[LOG] Fetched 20 products from DB
[LOG] Server running on port 5000
[LOG] Server running on port 5000
[LOG] Server running on port 5000
[LOG] Server running on port 5000
[LOG] Server running on port 5000
[LOG] Server running on port 5000
[LOG] Server running on port 5000
[LOG] Register request body: {"username":"api_test_3-837Z","email":"api_test_3-837Z@example.com"}
[LOG] Server running on port 5000
[LOG] Register request body: {"username":"curl_test2","email":"curl_test2@example.com"}
[LOG] Register request body: {"username":"api_test_4-013Z","email":"api_test_4-013Z@example.com"}
[LOG] Register request body: {"username":"api_test_9-650Z","email":"api_test_9-650Z@example.com"}
[LOG] Register request body: {"username":"api_test_4-391Z","email":"api_test_4-391Z@example.com"}
[LOG] Register request body: {"username":"api_test_2-709Z","email":"api_test_2-709Z@example.com"}
[ERROR] Webhook DB upsert error: Supabase REST error 400: {"code":"PGRST100","details":"unexpected \"*\" expecting \"not\" or operator (eq, gt, ...)","hint":null,"message":"\"failed to parse filter (*)\" (line 1, column 1)"}
[ERROR] Webhook DB upsert error: Supabase REST error 400: {"code":"PGRST100","details":"unexpected \"*\" expecting \"not\" or operator (eq, gt, ...)","hint":null,"message":"\"failed to parse filter (*)\" (line 1, column 1)"}
[ERROR] Webhook DB upsert error: Supabase REST error 400: {"code":"PGRST100","details":"unexpected \"*\" expecting \"not\" or operator (eq, gt, ...)","hint":null,"message":"\"failed to parse filter (*)\" (line 1, column 1)"}
[LOG] Register request body: {"username":"full_flow_1-203Z","email":"full_flow_1-203Z@example.com"}
[ERROR] Webhook DB upsert error: Supabase REST error 400: {"code":"PGRST100","details":"unexpected \"*\" expecting \"not\" or operator (eq, gt, ...)","hint":null,"message":"\"failed to parse filter (*)\" (line 1, column 1)"}
[LOG] Register request body: {"username":"full_flow_9-677Z","email":"full_flow_9-677Z@example.com"}
[ERROR] Webhook DB upsert error: Supabase REST error 400: {"code":"PGRST100","details":"unexpected \"*\" expecting \"not\" or operator (eq, gt, ...)","hint":null,"message":"\"failed to parse filter (*)\" (line 1, column 1)"}
[ERROR] Webhook DB upsert error: Supabase REST error 400: {"code":"PGRST100","details":"unexpected \"*\" expecting \"not\" or operator (eq, gt, ...)","hint":null,"message":"\"failed to parse filter (*)\" (line 1, column 1)"}
[LOG] Register request body: {"username":"api_test_8-003Z","email":"api_test_8-003Z@example.com"}
[ERROR] Error updating cart item: {}
[ERROR] Error updating cart item: {}
[ERROR] Error updating cart item: {}
[ERROR] Error deleting cart item: {}
[LOG] GET /api/products called
[LOG] Fetched 20 products from DB
[LOG] GET /api/products called
[LOG] Fetched 20 products from DB
[ERROR] Error updating cart item: {}
[ERROR] Error updating cart item: {}
[ERROR] Error deleting cart item: {}
[LOG] Server running on port 5000
[LOG] Server running on port 5000
[ERROR] Error deleting cart item: {}
[LOG] Server running on port 5000
[LOG] GET /api/products called
[LOG] Fetched 20 products from DB
[LOG] GET /api/products called
[LOG] Fetched 20 products from DB
[LOG] GET /api/products called
[LOG] Fetched 20 products from DB
[LOG] GET /api/products called
[LOG] Fetched 20 products from DB
[LOG] GET /api/products called
[LOG] Fetched 20 products from DB
[LOG] GET /api/products called
[LOG] Fetched 20 products from DB
[ERROR] Checkout error: Supabase REST error 400: {"code":"42703","details":null,"hint":null,"message":"column lego_products.stock_count does not exist"}
[ERROR] Checkout error: Supabase REST error 400: {"code":"42703","details":null,"hint":null,"message":"column lego_products.stock_count does not exist"}
[LOG] Server running on port 5000
[LOG] Server running on port 5000
[LOG] Server running on port 5000
[LOG] Register request body: {"username":"full_flow_4-580Z","email":"full_flow_4-580Z@example.com"}
[ERROR] Order creation error (normalized): Supabase REST error 400: {"code":"PGRST100","details":"unexpected \"r\" expecting \"not\" or operator (eq, gt, ...)","hint":null,"message":"\"failed to parse filter (representation)\" (line 1, column 1)"}
[LOG] Register request body: {"username":"smoke_user_1","email":"smoke_user_1@example.com"}
[ERROR] Order creation error (normalized): Supabase REST error 400: {"code":"PGRST100","details":"unexpected \"r\" expecting \"not\" or operator (eq, gt, ...)","hint":null,"message":"\"failed to parse filter (representation)\" (line 1, column 1)"}
[LOG] Server running on port 5000
[LOG] Register request body: {"username":"dbg_user","email":"dbg_user@example.com"}
[LOG] [supabaseRest] Request: GET users?select=id&or=%28email.eq.dbg_user%40example.com%2Cusername.eq.dbg_user%29
[LOG] [supabaseRest] Request: POST users
[LOG] [supabaseRest] Request: GET users?select=id%2Cusername%2Cemail%2Crole&email=eq.dbg_user%40example.com
[LOG] [supabaseRest] Request: POST orders?returning=representation
[ERROR] Order creation error (normalized): Supabase REST error 400: {"code":"PGRST100","details":"unexpected \"r\" expecting \"not\" or operator (eq, gt, ...)","hint":null,"message":"\"failed to parse filter (representation)\" (line 1, column 1)"}
[LOG] Server running on port 5000
[LOG] Register request body: {"username":"full_flow_1-244Z","email":"full_flow_1-244Z@example.com"}
[LOG] [supabaseRest] Request: GET users?select=id&or=%28email.eq.full_flow_1-244Z%40example.com%2Cusername.eq.full_flow_1-244Z%29
[LOG] [supabaseRest] Request: POST users
[LOG] [supabaseRest] Request: GET users?select=id%2Cusername%2Cemail%2Crole&email=eq.full_flow_1-244Z%40example.com
[LOG] [supabaseRest] Request: POST orders
[LOG] [supabaseRest] Request: POST order_items
[ERROR] Failed to insert order_items: Supabase REST error 400: {"code":"428C9","details":"Column \"subtotal\" is a generated column.","hint":null,"message":"cannot insert a non-DEFAULT value into column \"subtotal\""}
[LOG] [supabaseRest] Request: POST payments
[LOG] [supabaseRest] Request: GET users?select=id%2Cusername%2Cemail&id=eq.df18ccd4-83a5-40d7-878f-be383e381d7c
[LOG] [supabaseRest] Request: GET invoices?order_id=eq.c5b399c6-8a5b-46ef-a6e5-f507905c09ea
[LOG] [supabaseRest] Request: POST invoices
[LOG] [supabaseRest] Request: DELETE cart_items?user_id=eq.df18ccd4-83a5-40d7-878f-be383e381d7c
[LOG] [supabaseRest] Request: GET orders?select=*%2Cusers%28id%2Cusername%2Cemail%29&user_id=eq.df18ccd4-83a5-40d7-878f-be383e381d7c&order=created_at.desc
[LOG] [supabaseRest] Request: GET invoices?select=*&order_id=in.%28c5b399c6-8a5b-46ef-a6e5-f507905c09ea%29
[LOG] [supabaseRest] Request: POST payments?on_conflict=transaction_id&returning=representation
[ERROR] Webhook DB upsert error: Supabase REST error 400: {"code":"PGRST100","details":"unexpected \"r\" expecting \"not\" or operator (eq, gt, ...)","hint":null,"message":"\"failed to parse filter (representation)\" (line 1, column 1)"}
[LOG] [supabaseRest] Request: GET orders?id=eq.c5b399c6-8a5b-46ef-a6e5-f507905c09ea
[LOG] [supabaseRest] Request: GET users?select=id%2Cusername%2Cemail&id=eq.df18ccd4-83a5-40d7-878f-be383e381d7c
[LOG] [supabaseRest] Request: GET invoices?order_id=eq.c5b399c6-8a5b-46ef-a6e5-f507905c09ea
[LOG] [supabaseRest] Request: GET orders?select=*%2Cusers%28id%2Cusername%2Cemail%29&user_id=eq.df18ccd4-83a5-40d7-878f-be383e381d7c&order=created_at.desc
[LOG] [supabaseRest] Request: GET invoices?select=*&order_id=in.%28c5b399c6-8a5b-46ef-a6e5-f507905c09ea%29
[LOG] Register request body: {"username":"full_flow_7-095Z","email":"full_flow_7-095Z@example.com"}
[LOG] [supabaseRest] Request: GET users?select=id&or=%28email.eq.full_flow_7-095Z%40example.com%2Cusername.eq.full_flow_7-095Z%29
[LOG] [supabaseRest] Request: POST users
[LOG] [supabaseRest] Request: GET users?select=id%2Cusername%2Cemail%2Crole&email=eq.full_flow_7-095Z%40example.com
[LOG] [supabaseRest] Request: POST orders
[LOG] [supabaseRest] Request: POST order_items
[ERROR] Failed to insert order_items: Supabase REST error 400: {"code":"428C9","details":"Column \"subtotal\" is a generated column.","hint":null,"message":"cannot insert a non-DEFAULT value into column \"subtotal\""}
[LOG] [supabaseRest] Request: POST payments
[LOG] [supabaseRest] Request: GET users?select=id%2Cusername%2Cemail&id=eq.5acd0c65-5033-4f7f-b7a9-7b53a7ee0027
[LOG] [supabaseRest] Request: GET invoices?order_id=eq.3b8f6c61-b1a3-4a3b-bd36-f4d14568eef1
[LOG] [supabaseRest] Request: POST invoices
[LOG] [supabaseRest] Request: DELETE cart_items?user_id=eq.5acd0c65-5033-4f7f-b7a9-7b53a7ee0027
[LOG] [supabaseRest] Request: GET orders?select=*%2Cusers%28id%2Cusername%2Cemail%29&user_id=eq.5acd0c65-5033-4f7f-b7a9-7b53a7ee0027&order=created_at.desc
[LOG] [supabaseRest] Request: GET invoices?select=*&order_id=in.%283b8f6c61-b1a3-4a3b-bd36-f4d14568eef1%29
[LOG] [supabaseRest] Request: POST payments?on_conflict=transaction_id&returning=representation
[ERROR] Webhook DB upsert error: Supabase REST error 400: {"code":"PGRST100","details":"unexpected \"r\" expecting \"not\" or operator (eq, gt, ...)","hint":null,"message":"\"failed to parse filter (representation)\" (line 1, column 1)"}
[LOG] [supabaseRest] Request: GET orders?id=eq.3b8f6c61-b1a3-4a3b-bd36-f4d14568eef1
[LOG] [supabaseRest] Request: GET users?select=id%2Cusername%2Cemail&id=eq.5acd0c65-5033-4f7f-b7a9-7b53a7ee0027
[LOG] [supabaseRest] Request: GET invoices?order_id=eq.3b8f6c61-b1a3-4a3b-bd36-f4d14568eef1
[LOG] [supabaseRest] Request: GET orders?select=*%2Cusers%28id%2Cusername%2Cemail%29&user_id=eq.5acd0c65-5033-4f7f-b7a9-7b53a7ee0027&order=created_at.desc
[LOG] [supabaseRest] Request: GET invoices?select=*&order_id=in.%283b8f6c61-b1a3-4a3b-bd36-f4d14568eef1%29
[LOG] GET /api/products called
[LOG] [supabaseRest] Request: GET lego_products?select=*&order=id.asc
[LOG] [supabaseRest] Request: GET product_images?select=product_id%2Cimage_url&product_id=in.%280521d887-54e8-40ef-8a7f-e375015c6a3f%2C069e7d8d-e3ca-47a2-81f5-4608b6f09e0b%2C0c45acf1-d0a5-4a2c-bfa9-0d9bc54708af%2C128e6bf3-f6d5-44f4-8b1f-dcf5c8679d27%2C1e0a0fbb-438c-4f39-b4f5-11c793c41880%2C1e7d4c02-a03c-420f-b4c8-994b3deeb0a5%2C1f69d018-e691-4c44-b557-a8f7d71e1c22%2C2345c0a9-8cd6-4f7c-810c-ee7e930f4889%2C2650e2c8-dc21-44b1-b7dd-4283e29363f3%2C28bbb927-eaf8-405c-ac67-fd4ef7d88581%2C3934ebe0-6f19-427f-9009-a69b63427726%2C3a1b074f-dbf9-48c8-a87c-2d1c1a605e44%2C482a2622-fbd1-467f-bc53-4e86db748b25%2C63735378-13fc-4436-8e5a-626e73244e87%2C8a9b5b7d-4847-4984-9115-476ce13f0d53%2C9ced00d7-9f29-43ad-8eed-f8153261b479%2Cc310946a-ed1f-435e-97ec-cb766965644a%2Cc53191f1-46af-4a57-b22e-c5403a5e9c59%2Cd040a390-6056-46dc-a433-e74b80759402%2Cd94b8bbf-7da5-4df2-9d02-f544f21d150a%29
[LOG] [supabaseRest] Request: GET product_avg_ratings?select=product_id%2Cavg_rating%2Creview_count&product_id=in.%280521d887-54e8-40ef-8a7f-e375015c6a3f%2C069e7d8d-e3ca-47a2-81f5-4608b6f09e0b%2C0c45acf1-d0a5-4a2c-bfa9-0d9bc54708af%2C128e6bf3-f6d5-44f4-8b1f-dcf5c8679d27%2C1e0a0fbb-438c-4f39-b4f5-11c793c41880%2C1e7d4c02-a03c-420f-b4c8-994b3deeb0a5%2C1f69d018-e691-4c44-b557-a8f7d71e1c22%2C2345c0a9-8cd6-4f7c-810c-ee7e930f4889%2C2650e2c8-dc21-44b1-b7dd-4283e29363f3%2C28bbb927-eaf8-405c-ac67-fd4ef7d88581%2C3934ebe0-6f19-427f-9009-a69b63427726%2C3a1b074f-dbf9-48c8-a87c-2d1c1a605e44%2C482a2622-fbd1-467f-bc53-4e86db748b25%2C63735378-13fc-4436-8e5a-626e73244e87%2C8a9b5b7d-4847-4984-9115-476ce13f0d53%2C9ced00d7-9f29-43ad-8eed-f8153261b479%2Cc310946a-ed1f-435e-97ec-cb766965644a%2Cc53191f1-46af-4a57-b22e-c5403a5e9c59%2Cd040a390-6056-46dc-a433-e74b80759402%2Cd94b8bbf-7da5-4df2-9d02-f544f21d150a%29
[LOG] Fetched 20 products from DB
[LOG] GET /api/products called
[LOG] [supabaseRest] Request: GET lego_products?select=*&order=id.asc
[LOG] [supabaseRest] Request: GET product_images?select=product_id%2Cimage_url&product_id=in.%280521d887-54e8-40ef-8a7f-e375015c6a3f%2C069e7d8d-e3ca-47a2-81f5-4608b6f09e0b%2C0c45acf1-d0a5-4a2c-bfa9-0d9bc54708af%2C128e6bf3-f6d5-44f4-8b1f-dcf5c8679d27%2C1e0a0fbb-438c-4f39-b4f5-11c793c41880%2C1e7d4c02-a03c-420f-b4c8-994b3deeb0a5%2C1f69d018-e691-4c44-b557-a8f7d71e1c22%2C2345c0a9-8cd6-4f7c-810c-ee7e930f4889%2C2650e2c8-dc21-44b1-b7dd-4283e29363f3%2C28bbb927-eaf8-405c-ac67-fd4ef7d88581%2C3934ebe0-6f19-427f-9009-a69b63427726%2C3a1b074f-dbf9-48c8-a87c-2d1c1a605e44%2C482a2622-fbd1-467f-bc53-4e86db748b25%2C63735378-13fc-4436-8e5a-626e73244e87%2C8a9b5b7d-4847-4984-9115-476ce13f0d53%2C9ced00d7-9f29-43ad-8eed-f8153261b479%2Cc310946a-ed1f-435e-97ec-cb766965644a%2Cc53191f1-46af-4a57-b22e-c5403a5e9c59%2Cd040a390-6056-46dc-a433-e74b80759402%2Cd94b8bbf-7da5-4df2-9d02-f544f21d150a%29
[LOG] [supabaseRest] Request: GET product_avg_ratings?select=product_id%2Cavg_rating%2Creview_count&product_id=in.%280521d887-54e8-40ef-8a7f-e375015c6a3f%2C069e7d8d-e3ca-47a2-81f5-4608b6f09e0b%2C0c45acf1-d0a5-4a2c-bfa9-0d9bc54708af%2C128e6bf3-f6d5-44f4-8b1f-dcf5c8679d27%2C1e0a0fbb-438c-4f39-b4f5-11c793c41880%2C1e7d4c02-a03c-420f-b4c8-994b3deeb0a5%2C1f69d018-e691-4c44-b557-a8f7d71e1c22%2C2345c0a9-8cd6-4f7c-810c-ee7e930f4889%2C2650e2c8-dc21-44b1-b7dd-4283e29363f3%2C28bbb927-eaf8-405c-ac67-fd4ef7d88581%2C3934ebe0-6f19-427f-9009-a69b63427726%2C3a1b074f-dbf9-48c8-a87c-2d1c1a605e44%2C482a2622-fbd1-467f-bc53-4e86db748b25%2C63735378-13fc-4436-8e5a-626e73244e87%2C8a9b5b7d-4847-4984-9115-476ce13f0d53%2C9ced00d7-9f29-43ad-8eed-f8153261b479%2Cc310946a-ed1f-435e-97ec-cb766965644a%2Cc53191f1-46af-4a57-b22e-c5403a5e9c59%2Cd040a390-6056-46dc-a433-e74b80759402%2Cd94b8bbf-7da5-4df2-9d02-f544f21d150a%29
[LOG] Fetched 20 products from DB
[LOG] GET /api/products called
[LOG] [supabaseRest] Request: GET lego_products?select=*&order=id.asc
[LOG] [supabaseRest] Request: GET product_images?select=product_id%2Cimage_url&product_id=in.%280521d887-54e8-40ef-8a7f-e375015c6a3f%2C069e7d8d-e3ca-47a2-81f5-4608b6f09e0b%2C0c45acf1-d0a5-4a2c-bfa9-0d9bc54708af%2C128e6bf3-f6d5-44f4-8b1f-dcf5c8679d27%2C1e0a0fbb-438c-4f39-b4f5-11c793c41880%2C1e7d4c02-a03c-420f-b4c8-994b3deeb0a5%2C1f69d018-e691-4c44-b557-a8f7d71e1c22%2C2345c0a9-8cd6-4f7c-810c-ee7e930f4889%2C2650e2c8-dc21-44b1-b7dd-4283e29363f3%2C28bbb927-eaf8-405c-ac67-fd4ef7d88581%2C3934ebe0-6f19-427f-9009-a69b63427726%2C3a1b074f-dbf9-48c8-a87c-2d1c1a605e44%2C482a2622-fbd1-467f-bc53-4e86db748b25%2C63735378-13fc-4436-8e5a-626e73244e87%2C8a9b5b7d-4847-4984-9115-476ce13f0d53%2C9ced00d7-9f29-43ad-8eed-f8153261b479%2Cc310946a-ed1f-435e-97ec-cb766965644a%2Cc53191f1-46af-4a57-b22e-c5403a5e9c59%2Cd040a390-6056-46dc-a433-e74b80759402%2Cd94b8bbf-7da5-4df2-9d02-f544f21d150a%29
[LOG] [supabaseRest] Request: GET product_avg_ratings?select=product_id%2Cavg_rating%2Creview_count&product_id=in.%280521d887-54e8-40ef-8a7f-e375015c6a3f%2C069e7d8d-e3ca-47a2-81f5-4608b6f09e0b%2C0c45acf1-d0a5-4a2c-bfa9-0d9bc54708af%2C128e6bf3-f6d5-44f4-8b1f-dcf5c8679d27%2C1e0a0fbb-438c-4f39-b4f5-11c793c41880%2C1e7d4c02-a03c-420f-b4c8-994b3deeb0a5%2C1f69d018-e691-4c44-b557-a8f7d71e1c22%2C2345c0a9-8cd6-4f7c-810c-ee7e930f4889%2C2650e2c8-dc21-44b1-b7dd-4283e29363f3%2C28bbb927-eaf8-405c-ac67-fd4ef7d88581%2C3934ebe0-6f19-427f-9009-a69b63427726%2C3a1b074f-dbf9-48c8-a87c-2d1c1a605e44%2C482a2622-fbd1-467f-bc53-4e86db748b25%2C63735378-13fc-4436-8e5a-626e73244e87%2C8a9b5b7d-4847-4984-9115-476ce13f0d53%2C9ced00d7-9f29-43ad-8eed-f8153261b479%2Cc310946a-ed1f-435e-97ec-cb766965644a%2Cc53191f1-46af-4a57-b22e-c5403a5e9c59%2Cd040a390-6056-46dc-a433-e74b80759402%2Cd94b8bbf-7da5-4df2-9d02-f544f21d150a%29
[LOG] Fetched 20 products from DB
[LOG] Register request body: {"username":"smoke_cart_1761729405669","email":"smoke_cart_1761729405669@example.com"}
[LOG] [supabaseRest] Request: GET users?select=id&or=%28email.eq.smoke_cart_1761729405669%40example.com%2Cusername.eq.smoke_cart_1761729405669%29
[LOG] [supabaseRest] Request: POST users
[LOG] [supabaseRest] Request: GET users?select=id%2Cusername%2Cemail%2Crole&email=eq.smoke_cart_1761729405669%40example.com
[LOG] [supabaseRest] Request: GET cart_items?select=*&user_id=eq.f207d006-82da-4e13-b002-cab1585ccddc&product_id=eq.0521d887-54e8-40ef-8a7f-e375015c6a3f&limit=1
[LOG] [supabaseRest] Request: POST cart_items
[LOG] [supabaseRest] Request: GET cart_items?select=*&user_id=eq.f207d006-82da-4e13-b002-cab1585ccddc&order=created_at.desc
[LOG] [supabaseRest] Request: GET lego_products?select=*&id=in.%280521d887-54e8-40ef-8a7f-e375015c6a3f%29
[LOG] [supabaseRest] Request: GET product_images?select=product_id%2Cimage_url&product_id=in.%280521d887-54e8-40ef-8a7f-e375015c6a3f%29
[LOG] [supabaseRest] Request: GET cart_items?select=*&user_id=eq.f207d006-82da-4e13-b002-cab1585ccddc&order=created_at.desc
[LOG] [supabaseRest] Request: GET lego_products?select=*&id=in.%280521d887-54e8-40ef-8a7f-e375015c6a3f%29
[LOG] [supabaseRest] Request: GET product_images?select=product_id%2Cimage_url&product_id=in.%280521d887-54e8-40ef-8a7f-e375015c6a3f%29
[LOG] [supabaseRest] Request: DELETE cart_items?user_id=eq.f207d006-82da-4e13-b002-cab1585ccddc
[LOG] GET /api/products called
[LOG] [supabaseRest] Request: GET lego_products?select=*&order=id.asc
[LOG] [supabaseRest] Request: GET product_images?select=product_id%2Cimage_url&product_id=in.%280521d887-54e8-40ef-8a7f-e375015c6a3f%2C069e7d8d-e3ca-47a2-81f5-4608b6f09e0b%2C0c45acf1-d0a5-4a2c-bfa9-0d9bc54708af%2C128e6bf3-f6d5-44f4-8b1f-dcf5c8679d27%2C1e0a0fbb-438c-4f39-b4f5-11c793c41880%2C1e7d4c02-a03c-420f-b4c8-994b3deeb0a5%2C1f69d018-e691-4c44-b557-a8f7d71e1c22%2C2345c0a9-8cd6-4f7c-810c-ee7e930f4889%2C2650e2c8-dc21-44b1-b7dd-4283e29363f3%2C28bbb927-eaf8-405c-ac67-fd4ef7d88581%2C3934ebe0-6f19-427f-9009-a69b63427726%2C3a1b074f-dbf9-48c8-a87c-2d1c1a605e44%2C482a2622-fbd1-467f-bc53-4e86db748b25%2C63735378-13fc-4436-8e5a-626e73244e87%2C8a9b5b7d-4847-4984-9115-476ce13f0d53%2C9ced00d7-9f29-43ad-8eed-f8153261b479%2Cc310946a-ed1f-435e-97ec-cb766965644a%2Cc53191f1-46af-4a57-b22e-c5403a5e9c59%2Cd040a390-6056-46dc-a433-e74b80759402%2Cd94b8bbf-7da5-4df2-9d02-f544f21d150a%29
[LOG] [supabaseRest] Request: GET product_avg_ratings?select=product_id%2Cavg_rating%2Creview_count&product_id=in.%280521d887-54e8-40ef-8a7f-e375015c6a3f%2C069e7d8d-e3ca-47a2-81f5-4608b6f09e0b%2C0c45acf1-d0a5-4a2c-bfa9-0d9bc54708af%2C128e6bf3-f6d5-44f4-8b1f-dcf5c8679d27%2C1e0a0fbb-438c-4f39-b4f5-11c793c41880%2C1e7d4c02-a03c-420f-b4c8-994b3deeb0a5%2C1f69d018-e691-4c44-b557-a8f7d71e1c22%2C2345c0a9-8cd6-4f7c-810c-ee7e930f4889%2C2650e2c8-dc21-44b1-b7dd-4283e29363f3%2C28bbb927-eaf8-405c-ac67-fd4ef7d88581%2C3934ebe0-6f19-427f-9009-a69b63427726%2C3a1b074f-dbf9-48c8-a87c-2d1c1a605e44%2C482a2622-fbd1-467f-bc53-4e86db748b25%2C63735378-13fc-4436-8e5a-626e73244e87%2C8a9b5b7d-4847-4984-9115-476ce13f0d53%2C9ced00d7-9f29-43ad-8eed-f8153261b479%2Cc310946a-ed1f-435e-97ec-cb766965644a%2Cc53191f1-46af-4a57-b22e-c5403a5e9c59%2Cd040a390-6056-46dc-a433-e74b80759402%2Cd94b8bbf-7da5-4df2-9d02-f544f21d150a%29
[LOG] Fetched 20 products from DB
[LOG] Register request body: {"username":"cart_smoke_-07-257Z","email":"cart_smoke_-07-257Z@example.com"}
[LOG] [supabaseRest] Request: GET users?select=id&or=%28email.eq.cart_smoke_-07-257Z%40example.com%2Cusername.eq.cart_smoke_-07-257Z%29
[LOG] [supabaseRest] Request: POST users
[LOG] [supabaseRest] Request: GET users?select=id%2Cusername%2Cemail%2Crole&email=eq.cart_smoke_-07-257Z%40example.com
[LOG] [supabaseRest] Request: GET cart_items?select=*&user_id=eq.955e4553-32b9-4d1e-9c18-c325777800f6&product_id=eq.0521d887-54e8-40ef-8a7f-e375015c6a3f&limit=1
[LOG] [supabaseRest] Request: POST cart_items
[LOG] [supabaseRest] Request: GET cart_items?select=*&user_id=eq.955e4553-32b9-4d1e-9c18-c325777800f6&order=created_at.desc
[LOG] [supabaseRest] Request: GET lego_products?select=*&id=in.%280521d887-54e8-40ef-8a7f-e375015c6a3f%29
[LOG] [supabaseRest] Request: GET product_images?select=product_id%2Cimage_url&product_id=in.%280521d887-54e8-40ef-8a7f-e375015c6a3f%29
[LOG] [supabaseRest] Request: GET cart_items?select=*&user_id=eq.955e4553-32b9-4d1e-9c18-c325777800f6&order=created_at.desc
[LOG] [supabaseRest] Request: GET lego_products?select=*&id=in.%280521d887-54e8-40ef-8a7f-e375015c6a3f%29
[LOG] [supabaseRest] Request: GET product_images?select=product_id%2Cimage_url&product_id=in.%280521d887-54e8-40ef-8a7f-e375015c6a3f%29
[LOG] [supabaseRest] Request: DELETE cart_items?user_id=eq.955e4553-32b9-4d1e-9c18-c325777800f6
[LOG] GET /api/products called
[LOG] [supabaseRest] Request: GET lego_products?select=*&order=id.asc
[LOG] [supabaseRest] Request: GET product_images?select=product_id%2Cimage_url&product_id=in.%280521d887-54e8-40ef-8a7f-e375015c6a3f%2C069e7d8d-e3ca-47a2-81f5-4608b6f09e0b%2C0c45acf1-d0a5-4a2c-bfa9-0d9bc54708af%2C128e6bf3-f6d5-44f4-8b1f-dcf5c8679d27%2C1e0a0fbb-438c-4f39-b4f5-11c793c41880%2C1e7d4c02-a03c-420f-b4c8-994b3deeb0a5%2C1f69d018-e691-4c44-b557-a8f7d71e1c22%2C2345c0a9-8cd6-4f7c-810c-ee7e930f4889%2C2650e2c8-dc21-44b1-b7dd-4283e29363f3%2C28bbb927-eaf8-405c-ac67-fd4ef7d88581%2C3934ebe0-6f19-427f-9009-a69b63427726%2C3a1b074f-dbf9-48c8-a87c-2d1c1a605e44%2C482a2622-fbd1-467f-bc53-4e86db748b25%2C63735378-13fc-4436-8e5a-626e73244e87%2C8a9b5b7d-4847-4984-9115-476ce13f0d53%2C9ced00d7-9f29-43ad-8eed-f8153261b479%2Cc310946a-ed1f-435e-97ec-cb766965644a%2Cc53191f1-46af-4a57-b22e-c5403a5e9c59%2Cd040a390-6056-46dc-a433-e74b80759402%2Cd94b8bbf-7da5-4df2-9d02-f544f21d150a%29
[LOG] [supabaseRest] Request: GET product_avg_ratings?select=product_id%2Cavg_rating%2Creview_count&product_id=in.%280521d887-54e8-40ef-8a7f-e375015c6a3f%2C069e7d8d-e3ca-47a2-81f5-4608b6f09e0b%2C0c45acf1-d0a5-4a2c-bfa9-0d9bc54708af%2C128e6bf3-f6d5-44f4-8b1f-dcf5c8679d27%2C1e0a0fbb-438c-4f39-b4f5-11c793c41880%2C1e7d4c02-a03c-420f-b4c8-994b3deeb0a5%2C1f69d018-e691-4c44-b557-a8f7d71e1c22%2C2345c0a9-8cd6-4f7c-810c-ee7e930f4889%2C2650e2c8-dc21-44b1-b7dd-4283e29363f3%2C28bbb927-eaf8-405c-ac67-fd4ef7d88581%2C3934ebe0-6f19-427f-9009-a69b63427726%2C3a1b074f-dbf9-48c8-a87c-2d1c1a605e44%2C482a2622-fbd1-467f-bc53-4e86db748b25%2C63735378-13fc-4436-8e5a-626e73244e87%2C8a9b5b7d-4847-4984-9115-476ce13f0d53%2C9ced00d7-9f29-43ad-8eed-f8153261b479%2Cc310946a-ed1f-435e-97ec-cb766965644a%2Cc53191f1-46af-4a57-b22e-c5403a5e9c59%2Cd040a390-6056-46dc-a433-e74b80759402%2Cd94b8bbf-7da5-4df2-9d02-f544f21d150a%29
[LOG] Fetched 20 products from DB
[LOG] Register request body: {"username":"cart_smoke_-55-566Z","email":"cart_smoke_-55-566Z@example.com"}
[LOG] [supabaseRest] Request: GET users?select=id&or=%28email.eq.cart_smoke_-55-566Z%40example.com%2Cusername.eq.cart_smoke_-55-566Z%29
[LOG] [supabaseRest] Request: POST users
[LOG] [supabaseRest] Request: GET users?select=id%2Cusername%2Cemail%2Crole&email=eq.cart_smoke_-55-566Z%40example.com
[LOG] [supabaseRest] Request: GET cart_items?select=*&user_id=eq.d7ca0554-dddd-4446-9169-dabad5d8b86c&product_id=eq.0521d887-54e8-40ef-8a7f-e375015c6a3f&limit=1
[LOG] [supabaseRest] Request: POST cart_items
[LOG] [supabaseRest] Request: GET cart_items?select=*&user_id=eq.d7ca0554-dddd-4446-9169-dabad5d8b86c&order=created_at.desc
[LOG] [supabaseRest] Request: GET lego_products?select=*&id=in.%280521d887-54e8-40ef-8a7f-e375015c6a3f%29
[LOG] [supabaseRest] Request: GET product_images?select=product_id%2Cimage_url&product_id=in.%280521d887-54e8-40ef-8a7f-e375015c6a3f%29
[LOG] [supabaseRest] Request: GET cart_items?select=*&user_id=eq.d7ca0554-dddd-4446-9169-dabad5d8b86c&order=created_at.desc
[LOG] [supabaseRest] Request: GET lego_products?select=*&id=in.%280521d887-54e8-40ef-8a7f-e375015c6a3f%29
[LOG] [supabaseRest] Request: GET product_images?select=product_id%2Cimage_url&product_id=in.%280521d887-54e8-40ef-8a7f-e375015c6a3f%29
[LOG] [supabaseRest] Request: DELETE cart_items?user_id=eq.d7ca0554-dddd-4446-9169-dabad5d8b86c
[LOG] GET /api/products called
[LOG] [supabaseRest] Request: GET lego_products?select=*&order=id.asc
[LOG] [supabaseRest] Request: GET product_images?select=product_id%2Cimage_url&product_id=in.%280521d887-54e8-40ef-8a7f-e375015c6a3f%2C069e7d8d-e3ca-47a2-81f5-4608b6f09e0b%2C0c45acf1-d0a5-4a2c-bfa9-0d9bc54708af%2C128e6bf3-f6d5-44f4-8b1f-dcf5c8679d27%2C1e0a0fbb-438c-4f39-b4f5-11c793c41880%2C1e7d4c02-a03c-420f-b4c8-994b3deeb0a5%2C1f69d018-e691-4c44-b557-a8f7d71e1c22%2C2345c0a9-8cd6-4f7c-810c-ee7e930f4889%2C2650e2c8-dc21-44b1-b7dd-4283e29363f3%2C28bbb927-eaf8-405c-ac67-fd4ef7d88581%2C3934ebe0-6f19-427f-9009-a69b63427726%2C3a1b074f-dbf9-48c8-a87c-2d1c1a605e44%2C482a2622-fbd1-467f-bc53-4e86db748b25%2C63735378-13fc-4436-8e5a-626e73244e87%2C8a9b5b7d-4847-4984-9115-476ce13f0d53%2C9ced00d7-9f29-43ad-8eed-f8153261b479%2Cc310946a-ed1f-435e-97ec-cb766965644a%2Cc53191f1-46af-4a57-b22e-c5403a5e9c59%2Cd040a390-6056-46dc-a433-e74b80759402%2Cd94b8bbf-7da5-4df2-9d02-f544f21d150a%29
[LOG] [supabaseRest] Request: GET product_avg_ratings?select=product_id%2Cavg_rating%2Creview_count&product_id=in.%280521d887-54e8-40ef-8a7f-e375015c6a3f%2C069e7d8d-e3ca-47a2-81f5-4608b6f09e0b%2C0c45acf1-d0a5-4a2c-bfa9-0d9bc54708af%2C128e6bf3-f6d5-44f4-8b1f-dcf5c8679d27%2C1e0a0fbb-438c-4f39-b4f5-11c793c41880%2C1e7d4c02-a03c-420f-b4c8-994b3deeb0a5%2C1f69d018-e691-4c44-b557-a8f7d71e1c22%2C2345c0a9-8cd6-4f7c-810c-ee7e930f4889%2C2650e2c8-dc21-44b1-b7dd-4283e29363f3%2C28bbb927-eaf8-405c-ac67-fd4ef7d88581%2C3934ebe0-6f19-427f-9009-a69b63427726%2C3a1b074f-dbf9-48c8-a87c-2d1c1a605e44%2C482a2622-fbd1-467f-bc53-4e86db748b25%2C63735378-13fc-4436-8e5a-626e73244e87%2C8a9b5b7d-4847-4984-9115-476ce13f0d53%2C9ced00d7-9f29-43ad-8eed-f8153261b479%2Cc310946a-ed1f-435e-97ec-cb766965644a%2Cc53191f1-46af-4a57-b22e-c5403a5e9c59%2Cd040a390-6056-46dc-a433-e74b80759402%2Cd94b8bbf-7da5-4df2-9d02-f544f21d150a%29
[LOG] Fetched 20 products from DB
[LOG] Register request body: {"username":"cart_smoke_-40-159Z","email":"cart_smoke_-40-159Z@example.com"}
[LOG] [supabaseRest] Request: GET users?select=id&or=%28email.eq.cart_smoke_-40-159Z%40example.com%2Cusername.eq.cart_smoke_-40-159Z%29
[LOG] [supabaseRest] Request: POST users
[LOG] [supabaseRest] Request: GET users?select=id%2Cusername%2Cemail%2Crole&email=eq.cart_smoke_-40-159Z%40example.com
[LOG] [supabaseRest] Request: GET cart_items?select=*&user_id=eq.a10f5933-8bef-459b-b75a-d5037afefc42&product_id=eq.0521d887-54e8-40ef-8a7f-e375015c6a3f&limit=1
[LOG] [supabaseRest] Request: POST cart_items
[LOG] [supabaseRest] Request: GET cart_items?select=*&user_id=eq.a10f5933-8bef-459b-b75a-d5037afefc42&order=created_at.desc
[LOG] [supabaseRest] Request: GET lego_products?select=*&id=in.%280521d887-54e8-40ef-8a7f-e375015c6a3f%29
[LOG] [supabaseRest] Request: GET product_images?select=product_id%2Cimage_url&product_id=in.%280521d887-54e8-40ef-8a7f-e375015c6a3f%29
[LOG] [supabaseRest] Request: GET cart_items?select=*&user_id=eq.a10f5933-8bef-459b-b75a-d5037afefc42&order=created_at.desc
[LOG] [supabaseRest] Request: GET lego_products?select=*&id=in.%280521d887-54e8-40ef-8a7f-e375015c6a3f%29
[LOG] [supabaseRest] Request: GET product_images?select=product_id%2Cimage_url&product_id=in.%280521d887-54e8-40ef-8a7f-e375015c6a3f%29
[LOG] [supabaseRest] Request: DELETE cart_items?user_id=eq.a10f5933-8bef-459b-b75a-d5037afefc42
[LOG] [supabaseRest] Request: GET cart_items?select=*&user_id=eq.a10f5933-8bef-459b-b75a-d5037afefc42&order=created_at.desc
[LOG] GET /api/products called
[LOG] [supabaseRest] Request: GET lego_products?select=*&order=id.asc
[LOG] [supabaseRest] Request: GET product_images?select=product_id%2Cimage_url&product_id=in.%280521d887-54e8-40ef-8a7f-e375015c6a3f%2C069e7d8d-e3ca-47a2-81f5-4608b6f09e0b%2C0c45acf1-d0a5-4a2c-bfa9-0d9bc54708af%2C128e6bf3-f6d5-44f4-8b1f-dcf5c8679d27%2C1e0a0fbb-438c-4f39-b4f5-11c793c41880%2C1e7d4c02-a03c-420f-b4c8-994b3deeb0a5%2C1f69d018-e691-4c44-b557-a8f7d71e1c22%2C2345c0a9-8cd6-4f7c-810c-ee7e930f4889%2C2650e2c8-dc21-44b1-b7dd-4283e29363f3%2C28bbb927-eaf8-405c-ac67-fd4ef7d88581%2C3934ebe0-6f19-427f-9009-a69b63427726%2C3a1b074f-dbf9-48c8-a87c-2d1c1a605e44%2C482a2622-fbd1-467f-bc53-4e86db748b25%2C63735378-13fc-4436-8e5a-626e73244e87%2C8a9b5b7d-4847-4984-9115-476ce13f0d53%2C9ced00d7-9f29-43ad-8eed-f8153261b479%2Cc310946a-ed1f-435e-97ec-cb766965644a%2Cc53191f1-46af-4a57-b22e-c5403a5e9c59%2Cd040a390-6056-46dc-a433-e74b80759402%2Cd94b8bbf-7da5-4df2-9d02-f544f21d150a%29
[LOG] [supabaseRest] Request: GET product_avg_ratings?select=product_id%2Cavg_rating%2Creview_count&product_id=in.%280521d887-54e8-40ef-8a7f-e375015c6a3f%2C069e7d8d-e3ca-47a2-81f5-4608b6f09e0b%2C0c45acf1-d0a5-4a2c-bfa9-0d9bc54708af%2C128e6bf3-f6d5-44f4-8b1f-dcf5c8679d27%2C1e0a0fbb-438c-4f39-b4f5-11c793c41880%2C1e7d4c02-a03c-420f-b4c8-994b3deeb0a5%2C1f69d018-e691-4c44-b557-a8f7d71e1c22%2C2345c0a9-8cd6-4f7c-810c-ee7e930f4889%2C2650e2c8-dc21-44b1-b7dd-4283e29363f3%2C28bbb927-eaf8-405c-ac67-fd4ef7d88581%2C3934ebe0-6f19-427f-9009-a69b63427726%2C3a1b074f-dbf9-48c8-a87c-2d1c1a605e44%2C482a2622-fbd1-467f-bc53-4e86db748b25%2C63735378-13fc-4436-8e5a-626e73244e87%2C8a9b5b7d-4847-4984-9115-476ce13f0d53%2C9ced00d7-9f29-43ad-8eed-f8153261b479%2Cc310946a-ed1f-435e-97ec-cb766965644a%2Cc53191f1-46af-4a57-b22e-c5403a5e9c59%2Cd040a390-6056-46dc-a433-e74b80759402%2Cd94b8bbf-7da5-4df2-9d02-f544f21d150a%29
[LOG] Fetched 20 products from DB
[LOG] Register request body: {"username":"cart_smoke_-08-492Z","email":"cart_smoke_-08-492Z@example.com"}
[LOG] [supabaseRest] Request: GET users?select=id&or=%28email.eq.cart_smoke_-08-492Z%40example.com%2Cusername.eq.cart_smoke_-08-492Z%29
[LOG] [supabaseRest] Request: POST users
[LOG] [supabaseRest] Request: GET users?select=id%2Cusername%2Cemail%2Crole&email=eq.cart_smoke_-08-492Z%40example.com
[LOG] [supabaseRest] Request: GET cart_items?select=*&user_id=eq.a4e7225f-872a-40ae-bc54-f1bb77c0f872&product_id=eq.0521d887-54e8-40ef-8a7f-e375015c6a3f&limit=1
[LOG] [supabaseRest] Request: POST cart_items
[LOG] [supabaseRest] Request: GET cart_items?select=*&user_id=eq.a4e7225f-872a-40ae-bc54-f1bb77c0f872&order=created_at.desc
[LOG] [supabaseRest] Request: GET lego_products?select=*&id=in.%280521d887-54e8-40ef-8a7f-e375015c6a3f%29
[LOG] [supabaseRest] Request: GET product_images?select=product_id%2Cimage_url&product_id=in.%280521d887-54e8-40ef-8a7f-e375015c6a3f%29
[LOG] [supabaseRest] Request: GET cart_items?select=*&user_id=eq.a4e7225f-872a-40ae-bc54-f1bb77c0f872&order=created_at.desc
[LOG] [supabaseRest] Request: GET lego_products?select=*&id=in.%280521d887-54e8-40ef-8a7f-e375015c6a3f%29
[LOG] [supabaseRest] Request: GET product_images?select=product_id%2Cimage_url&product_id=in.%280521d887-54e8-40ef-8a7f-e375015c6a3f%29
[LOG] [supabaseRest] Request: DELETE cart_items?user_id=eq.a4e7225f-872a-40ae-bc54-f1bb77c0f872
[LOG] [supabaseRest] Request: GET cart_items?select=*&user_id=eq.a4e7225f-872a-40ae-bc54-f1bb77c0f872&order=created_at.desc
[LOG] [supabaseRest] Request: GET users?select=id%2Cusername%2Cemail%2Crole&username=eq.admin
[LOG] Server running on port 5000
[LOG] [supabaseRest] Request: POST users
[LOG] Seeded admin user with username="admin" and password="admin1234"
[LOG] [supabaseRest] Request: GET reviews?select=product_id%2Crating
[LOG] [supabaseRest] Request: GET lego_products?select=*&order=updated_at.desc&limit=3
[LOG] [supabaseRest] Request: GET product_images?select=product_id%2Cimage_url&product_id=in.%289ced00d7-9f29-43ad-8eed-f8153261b479%2Cd94b8bbf-7da5-4df2-9d02-f544f21d150a%2C0521d887-54e8-40ef-8a7f-e375015c6a3f%29
[LOG] [supabaseRest] Request: GET reviews?select=product_id%2Crating
[LOG] [supabaseRest] Request: GET lego_products?select=*&order=updated_at.desc&limit=3
[LOG] [supabaseRest] Request: GET product_images?select=product_id%2Cimage_url&product_id=in.%289ced00d7-9f29-43ad-8eed-f8153261b479%2Cd94b8bbf-7da5-4df2-9d02-f544f21d150a%2C0521d887-54e8-40ef-8a7f-e375015c6a3f%29
[LOG] [supabaseRest] Request: GET users?select=id%2Cusername%2Cemail%2Cpassword%2Crole&email=eq.user%401234
[LOG] [supabaseRest] Request: GET carts?select=*&user_id=eq.93b77ce8-dd92-4a81-b76d-4d67e30e2a2b&limit=1
[LOG] [supabaseRest] Request: POST carts
[LOG] [supabaseRest] Request: GET carts?select=*&user_id=eq.93b77ce8-dd92-4a81-b76d-4d67e30e2a2b&limit=1
[LOG] [supabaseRest] Request: GET cart_items?select=*&cart_id=eq.1&product_id=eq.0c45acf1-d0a5-4a2c-bfa9-0d9bc54708af&limit=1
[LOG] [supabaseRest] Request: POST cart_items
[LOG] [supabaseRest] Request: GET carts?select=*&user_id=eq.93b77ce8-dd92-4a81-b76d-4d67e30e2a2b&limit=1
[LOG] [supabaseRest] Request: GET cart_items?select=*&cart_id=eq.1&order=created_at.desc
[LOG] [supabaseRest] Request: GET lego_products?select=*&id=in.%280c45acf1-d0a5-4a2c-bfa9-0d9bc54708af%29
[LOG] [supabaseRest] Request: GET product_images?select=product_id%2Cimage_url&product_id=in.%280c45acf1-d0a5-4a2c-bfa9-0d9bc54708af%29
[LOG] [supabaseRest] Request: GET carts?select=*&user_id=eq.93b77ce8-dd92-4a81-b76d-4d67e30e2a2b&limit=1
[LOG] [supabaseRest] Request: GET cart_items?select=*&cart_id=eq.1&order=created_at.desc
[LOG] [supabaseRest] Request: GET lego_products?select=*&id=in.%280c45acf1-d0a5-4a2c-bfa9-0d9bc54708af%29
[LOG] [supabaseRest] Request: GET product_images?select=product_id%2Cimage_url&product_id=in.%280c45acf1-d0a5-4a2c-bfa9-0d9bc54708af%29
[LOG] [supabaseRest] Request: GET reviews?select=product_id%2Crating
[LOG] [supabaseRest] Request: GET lego_products?select=*&order=updated_at.desc&limit=3
[LOG] [supabaseRest] Request: GET product_images?select=product_id%2Cimage_url&product_id=in.%289ced00d7-9f29-43ad-8eed-f8153261b479%2Cd94b8bbf-7da5-4df2-9d02-f544f21d150a%2C0521d887-54e8-40ef-8a7f-e375015c6a3f%29
[LOG] [supabaseRest] Request: GET reviews?select=product_id%2Crating
[LOG] [supabaseRest] Request: GET lego_products?select=*&order=updated_at.desc&limit=3
[LOG] [supabaseRest] Request: GET product_images?select=product_id%2Cimage_url&product_id=in.%289ced00d7-9f29-43ad-8eed-f8153261b479%2Cd94b8bbf-7da5-4df2-9d02-f544f21d150a%2C0521d887-54e8-40ef-8a7f-e375015c6a3f%29
[LOG] [supabaseRest] Request: GET cart_items?select=*&id=eq.11&user_id=eq.93b77ce8-dd92-4a81-b76d-4d67e30e2a2b&limit=1
[LOG] [supabaseRest] Request: PATCH cart_items?id=eq.11&user_id=eq.93b77ce8-dd92-4a81-b76d-4d67e30e2a2b
[LOG] [supabaseRest] Request: GET carts?select=*&user_id=eq.93b77ce8-dd92-4a81-b76d-4d67e30e2a2b&limit=1
[LOG] [supabaseRest] Request: GET cart_items?select=*&cart_id=eq.1&order=created_at.desc
[LOG] [supabaseRest] Request: GET lego_products?select=*&id=in.%280c45acf1-d0a5-4a2c-bfa9-0d9bc54708af%29
[LOG] [supabaseRest] Request: GET product_images?select=product_id%2Cimage_url&product_id=in.%280c45acf1-d0a5-4a2c-bfa9-0d9bc54708af%29
[LOG] [supabaseRest] Request: GET cart_items?select=*&id=eq.11&user_id=eq.93b77ce8-dd92-4a81-b76d-4d67e30e2a2b&limit=1
[LOG] [supabaseRest] Request: PATCH cart_items?id=eq.11&user_id=eq.93b77ce8-dd92-4a81-b76d-4d67e30e2a2b
[LOG] [supabaseRest] Request: GET carts?select=*&user_id=eq.93b77ce8-dd92-4a81-b76d-4d67e30e2a2b&limit=1
[LOG] [supabaseRest] Request: GET cart_items?select=*&cart_id=eq.1&order=created_at.desc
[LOG] [supabaseRest] Request: GET lego_products?select=*&id=in.%280c45acf1-d0a5-4a2c-bfa9-0d9bc54708af%29
[LOG] [supabaseRest] Request: GET product_images?select=product_id%2Cimage_url&product_id=in.%280c45acf1-d0a5-4a2c-bfa9-0d9bc54708af%29
[LOG] GET /api/products called
[LOG] [supabaseRest] Request: GET lego_products?select=*&order=id.asc
[LOG] [supabaseRest] Request: GET product_images?select=product_id%2Cimage_url&product_id=in.%280521d887-54e8-40ef-8a7f-e375015c6a3f%2C069e7d8d-e3ca-47a2-81f5-4608b6f09e0b%2C0c45acf1-d0a5-4a2c-bfa9-0d9bc54708af%2C128e6bf3-f6d5-44f4-8b1f-dcf5c8679d27%2C1e0a0fbb-438c-4f39-b4f5-11c793c41880%2C1e7d4c02-a03c-420f-b4c8-994b3deeb0a5%2C1f69d018-e691-4c44-b557-a8f7d71e1c22%2C2345c0a9-8cd6-4f7c-810c-ee7e930f4889%2C2650e2c8-dc21-44b1-b7dd-4283e29363f3%2C28bbb927-eaf8-405c-ac67-fd4ef7d88581%2C3934ebe0-6f19-427f-9009-a69b63427726%2C3a1b074f-dbf9-48c8-a87c-2d1c1a605e44%2C482a2622-fbd1-467f-bc53-4e86db748b25%2C63735378-13fc-4436-8e5a-626e73244e87%2C8a9b5b7d-4847-4984-9115-476ce13f0d53%2C9ced00d7-9f29-43ad-8eed-f8153261b479%2Cc310946a-ed1f-435e-97ec-cb766965644a%2Cc53191f1-46af-4a57-b22e-c5403a5e9c59%2Cd040a390-6056-46dc-a433-e74b80759402%2Cd94b8bbf-7da5-4df2-9d02-f544f21d150a%29
[LOG] [supabaseRest] Request: GET product_avg_ratings?select=product_id%2Cavg_rating%2Creview_count&product_id=in.%280521d887-54e8-40ef-8a7f-e375015c6a3f%2C069e7d8d-e3ca-47a2-81f5-4608b6f09e0b%2C0c45acf1-d0a5-4a2c-bfa9-0d9bc54708af%2C128e6bf3-f6d5-44f4-8b1f-dcf5c8679d27%2C1e0a0fbb-438c-4f39-b4f5-11c793c41880%2C1e7d4c02-a03c-420f-b4c8-994b3deeb0a5%2C1f69d018-e691-4c44-b557-a8f7d71e1c22%2C2345c0a9-8cd6-4f7c-810c-ee7e930f4889%2C2650e2c8-dc21-44b1-b7dd-4283e29363f3%2C28bbb927-eaf8-405c-ac67-fd4ef7d88581%2C3934ebe0-6f19-427f-9009-a69b63427726%2C3a1b074f-dbf9-48c8-a87c-2d1c1a605e44%2C482a2622-fbd1-467f-bc53-4e86db748b25%2C63735378-13fc-4436-8e5a-626e73244e87%2C8a9b5b7d-4847-4984-9115-476ce13f0d53%2C9ced00d7-9f29-43ad-8eed-f8153261b479%2Cc310946a-ed1f-435e-97ec-cb766965644a%2Cc53191f1-46af-4a57-b22e-c5403a5e9c59%2Cd040a390-6056-46dc-a433-e74b80759402%2Cd94b8bbf-7da5-4df2-9d02-f544f21d150a%29
[LOG] Fetched 20 products from DB
[LOG] GET /api/products called
[LOG] [supabaseRest] Request: GET lego_products?select=*&order=id.asc
[LOG] [supabaseRest] Request: GET product_images?select=product_id%2Cimage_url&product_id=in.%280521d887-54e8-40ef-8a7f-e375015c6a3f%2C069e7d8d-e3ca-47a2-81f5-4608b6f09e0b%2C0c45acf1-d0a5-4a2c-bfa9-0d9bc54708af%2C128e6bf3-f6d5-44f4-8b1f-dcf5c8679d27%2C1e0a0fbb-438c-4f39-b4f5-11c793c41880%2C1e7d4c02-a03c-420f-b4c8-994b3deeb0a5%2C1f69d018-e691-4c44-b557-a8f7d71e1c22%2C2345c0a9-8cd6-4f7c-810c-ee7e930f4889%2C2650e2c8-dc21-44b1-b7dd-4283e29363f3%2C28bbb927-eaf8-405c-ac67-fd4ef7d88581%2C3934ebe0-6f19-427f-9009-a69b63427726%2C3a1b074f-dbf9-48c8-a87c-2d1c1a605e44%2C482a2622-fbd1-467f-bc53-4e86db748b25%2C63735378-13fc-4436-8e5a-626e73244e87%2C8a9b5b7d-4847-4984-9115-476ce13f0d53%2C9ced00d7-9f29-43ad-8eed-f8153261b479%2Cc310946a-ed1f-435e-97ec-cb766965644a%2Cc53191f1-46af-4a57-b22e-c5403a5e9c59%2Cd040a390-6056-46dc-a433-e74b80759402%2Cd94b8bbf-7da5-4df2-9d02-f544f21d150a%29
[LOG] [supabaseRest] Request: GET product_avg_ratings?select=product_id%2Cavg_rating%2Creview_count&product_id=in.%280521d887-54e8-40ef-8a7f-e375015c6a3f%2C069e7d8d-e3ca-47a2-81f5-4608b6f09e0b%2C0c45acf1-d0a5-4a2c-bfa9-0d9bc54708af%2C128e6bf3-f6d5-44f4-8b1f-dcf5c8679d27%2C1e0a0fbb-438c-4f39-b4f5-11c793c41880%2C1e7d4c02-a03c-420f-b4c8-994b3deeb0a5%2C1f69d018-e691-4c44-b557-a8f7d71e1c22%2C2345c0a9-8cd6-4f7c-810c-ee7e930f4889%2C2650e2c8-dc21-44b1-b7dd-4283e29363f3%2C28bbb927-eaf8-405c-ac67-fd4ef7d88581%2C3934ebe0-6f19-427f-9009-a69b63427726%2C3a1b074f-dbf9-48c8-a87c-2d1c1a605e44%2C482a2622-fbd1-467f-bc53-4e86db748b25%2C63735378-13fc-4436-8e5a-626e73244e87%2C8a9b5b7d-4847-4984-9115-476ce13f0d53%2C9ced00d7-9f29-43ad-8eed-f8153261b479%2Cc310946a-ed1f-435e-97ec-cb766965644a%2Cc53191f1-46af-4a57-b22e-c5403a5e9c59%2Cd040a390-6056-46dc-a433-e74b80759402%2Cd94b8bbf-7da5-4df2-9d02-f544f21d150a%29
[LOG] Fetched 20 products from DB
[LOG] [supabaseRest] Request: GET users?select=id%2Cusername%2Cemail%2Cpassword%2Crole&email=eq.user%401234
[LOG] [supabaseRest] Request: GET carts?select=*&user_id=eq.93b77ce8-dd92-4a81-b76d-4d67e30e2a2b&limit=1
[LOG] [supabaseRest] Request: GET cart_items?select=*&cart_id=eq.1&order=created_at.desc
[LOG] [supabaseRest] Request: GET lego_products?select=*&id=in.%280c45acf1-d0a5-4a2c-bfa9-0d9bc54708af%29
[LOG] [supabaseRest] Request: GET product_images?select=product_id%2Cimage_url&product_id=in.%280c45acf1-d0a5-4a2c-bfa9-0d9bc54708af%29
[LOG] [supabaseRest] Request: GET lego_products?select=id%2Cprice_shipping_included&id=in.%280c45acf1-d0a5-4a2c-bfa9-0d9bc54708af%29
[LOG] [supabaseRest] Request: GET lego_products?select=id%2Cprice_shipping_included&id=in.%280c45acf1-d0a5-4a2c-bfa9-0d9bc54708af%29
[LOG] [supabaseRest] Request: GET reviews?select=product_id%2Crating
[LOG] [supabaseRest] Request: GET lego_products?select=*&order=updated_at.desc&limit=3
[LOG] [supabaseRest] Request: GET product_images?select=product_id%2Cimage_url&product_id=in.%289ced00d7-9f29-43ad-8eed-f8153261b479%2Cd94b8bbf-7da5-4df2-9d02-f544f21d150a%2C0521d887-54e8-40ef-8a7f-e375015c6a3f%29
[LOG] [supabaseRest] Request: GET reviews?select=product_id%2Crating
[LOG] [supabaseRest] Request: GET lego_products?select=*&order=updated_at.desc&limit=3
[LOG] [supabaseRest] Request: GET product_images?select=product_id%2Cimage_url&product_id=in.%289ced00d7-9f29-43ad-8eed-f8153261b479%2Cd94b8bbf-7da5-4df2-9d02-f544f21d150a%2C0521d887-54e8-40ef-8a7f-e375015c6a3f%29
[LOG] [supabaseRest] Request: GET cart_items?select=*&id=eq.11&user_id=eq.93b77ce8-dd92-4a81-b76d-4d67e30e2a2b&limit=1
[LOG] [supabaseRest] Request: PATCH cart_items?id=eq.11&user_id=eq.93b77ce8-dd92-4a81-b76d-4d67e30e2a2b
[LOG] [supabaseRest] Request: GET carts?select=*&user_id=eq.93b77ce8-dd92-4a81-b76d-4d67e30e2a2b&limit=1
[LOG] [supabaseRest] Request: GET cart_items?select=*&cart_id=eq.1&order=created_at.desc
[LOG] [supabaseRest] Request: GET lego_products?select=*&id=in.%280c45acf1-d0a5-4a2c-bfa9-0d9bc54708af%29
[LOG] [supabaseRest] Request: GET product_images?select=product_id%2Cimage_url&product_id=in.%280c45acf1-d0a5-4a2c-bfa9-0d9bc54708af%29
[LOG] [supabaseRest] Request: GET users?select=id%2Cusername%2Cemail%2Cpassword%2Crole&email=eq.user%401234
[LOG] [supabaseRest] Request: GET users?select=id%2Cusername%2Cemail%2Cpassword%2Crole&email=eq.user%401234
[LOG] [supabaseRest] Request: GET users?select=id%2Cusername%2Cemail%2Cpassword%2Crole&email=eq.user%401234
[LOG] [supabaseRest] Request: GET users?select=id%2Cusername%2Cemail%2Cpassword%2Crole&email=eq.user%401234
[LOG] [supabaseRest] Request: GET carts?select=*&user_id=eq.93b77ce8-dd92-4a81-b76d-4d67e30e2a2b&limit=1
[LOG] [supabaseRest] Request: GET cart_items?select=*&cart_id=eq.1&order=created_at.desc
[LOG] [supabaseRest] Request: GET lego_products?select=*&id=in.%280c45acf1-d0a5-4a2c-bfa9-0d9bc54708af%29
[LOG] [supabaseRest] Request: GET product_images?select=product_id%2Cimage_url&product_id=in.%280c45acf1-d0a5-4a2c-bfa9-0d9bc54708af%29
[LOG] GET /api/products called
[LOG] [supabaseRest] Request: GET lego_products?select=*&order=id.asc
[LOG] [supabaseRest] Request: GET product_images?select=product_id%2Cimage_url&product_id=in.%280521d887-54e8-40ef-8a7f-e375015c6a3f%2C069e7d8d-e3ca-47a2-81f5-4608b6f09e0b%2C0c45acf1-d0a5-4a2c-bfa9-0d9bc54708af%2C128e6bf3-f6d5-44f4-8b1f-dcf5c8679d27%2C1e0a0fbb-438c-4f39-b4f5-11c793c41880%2C1e7d4c02-a03c-420f-b4c8-994b3deeb0a5%2C1f69d018-e691-4c44-b557-a8f7d71e1c22%2C2345c0a9-8cd6-4f7c-810c-ee7e930f4889%2C2650e2c8-dc21-44b1-b7dd-4283e29363f3%2C28bbb927-eaf8-405c-ac67-fd4ef7d88581%2C3934ebe0-6f19-427f-9009-a69b63427726%2C3a1b074f-dbf9-48c8-a87c-2d1c1a605e44%2C482a2622-fbd1-467f-bc53-4e86db748b25%2C63735378-13fc-4436-8e5a-626e73244e87%2C8a9b5b7d-4847-4984-9115-476ce13f0d53%2C9ced00d7-9f29-43ad-8eed-f8153261b479%2Cc310946a-ed1f-435e-97ec-cb766965644a%2Cc53191f1-46af-4a57-b22e-c5403a5e9c59%2Cd040a390-6056-46dc-a433-e74b80759402%2Cd94b8bbf-7da5-4df2-9d02-f544f21d150a%29
[LOG] [supabaseRest] Request: GET product_avg_ratings?select=product_id%2Cavg_rating%2Creview_count&product_id=in.%280521d887-54e8-40ef-8a7f-e375015c6a3f%2C069e7d8d-e3ca-47a2-81f5-4608b6f09e0b%2C0c45acf1-d0a5-4a2c-bfa9-0d9bc54708af%2C128e6bf3-f6d5-44f4-8b1f-dcf5c8679d27%2C1e0a0fbb-438c-4f39-b4f5-11c793c41880%2C1e7d4c02-a03c-420f-b4c8-994b3deeb0a5%2C1f69d018-e691-4c44-b557-a8f7d71e1c22%2C2345c0a9-8cd6-4f7c-810c-ee7e930f4889%2C2650e2c8-dc21-44b1-b7dd-4283e29363f3%2C28bbb927-eaf8-405c-ac67-fd4ef7d88581%2C3934ebe0-6f19-427f-9009-a69b63427726%2C3a1b074f-dbf9-48c8-a87c-2d1c1a605e44%2C482a2622-fbd1-467f-bc53-4e86db748b25%2C63735378-13fc-4436-8e5a-626e73244e87%2C8a9b5b7d-4847-4984-9115-476ce13f0d53%2C9ced00d7-9f29-43ad-8eed-f8153261b479%2Cc310946a-ed1f-435e-97ec-cb766965644a%2Cc53191f1-46af-4a57-b22e-c5403a5e9c59%2Cd040a390-6056-46dc-a433-e74b80759402%2Cd94b8bbf-7da5-4df2-9d02-f544f21d150a%29
[LOG] Fetched 20 products from DB
[LOG] GET /api/products called
[LOG] [supabaseRest] Request: GET lego_products?select=*&order=id.asc
[LOG] [supabaseRest] Request: GET product_images?select=product_id%2Cimage_url&product_id=in.%280521d887-54e8-40ef-8a7f-e375015c6a3f%2C069e7d8d-e3ca-47a2-81f5-4608b6f09e0b%2C0c45acf1-d0a5-4a2c-bfa9-0d9bc54708af%2C128e6bf3-f6d5-44f4-8b1f-dcf5c8679d27%2C1e0a0fbb-438c-4f39-b4f5-11c793c41880%2C1e7d4c02-a03c-420f-b4c8-994b3deeb0a5%2C1f69d018-e691-4c44-b557-a8f7d71e1c22%2C2345c0a9-8cd6-4f7c-810c-ee7e930f4889%2C2650e2c8-dc21-44b1-b7dd-4283e29363f3%2C28bbb927-eaf8-405c-ac67-fd4ef7d88581%2C3934ebe0-6f19-427f-9009-a69b63427726%2C3a1b074f-dbf9-48c8-a87c-2d1c1a605e44%2C482a2622-fbd1-467f-bc53-4e86db748b25%2C63735378-13fc-4436-8e5a-626e73244e87%2C8a9b5b7d-4847-4984-9115-476ce13f0d53%2C9ced00d7-9f29-43ad-8eed-f8153261b479%2Cc310946a-ed1f-435e-97ec-cb766965644a%2Cc53191f1-46af-4a57-b22e-c5403a5e9c59%2Cd040a390-6056-46dc-a433-e74b80759402%2Cd94b8bbf-7da5-4df2-9d02-f544f21d150a%29
[LOG] [supabaseRest] Request: GET product_avg_ratings?select=product_id%2Cavg_rating%2Creview_count&product_id=in.%280521d887-54e8-40ef-8a7f-e375015c6a3f%2C069e7d8d-e3ca-47a2-81f5-4608b6f09e0b%2C0c45acf1-d0a5-4a2c-bfa9-0d9bc54708af%2C128e6bf3-f6d5-44f4-8b1f-dcf5c8679d27%2C1e0a0fbb-438c-4f39-b4f5-11c793c41880%2C1e7d4c02-a03c-420f-b4c8-994b3deeb0a5%2C1f69d018-e691-4c44-b557-a8f7d71e1c22%2C2345c0a9-8cd6-4f7c-810c-ee7e930f4889%2C2650e2c8-dc21-44b1-b7dd-4283e29363f3%2C28bbb927-eaf8-405c-ac67-fd4ef7d88581%2C3934ebe0-6f19-427f-9009-a69b63427726%2C3a1b074f-dbf9-48c8-a87c-2d1c1a605e44%2C482a2622-fbd1-467f-bc53-4e86db748b25%2C63735378-13fc-4436-8e5a-626e73244e87%2C8a9b5b7d-4847-4984-9115-476ce13f0d53%2C9ced00d7-9f29-43ad-8eed-f8153261b479%2Cc310946a-ed1f-435e-97ec-cb766965644a%2Cc53191f1-46af-4a57-b22e-c5403a5e9c59%2Cd040a390-6056-46dc-a433-e74b80759402%2Cd94b8bbf-7da5-4df2-9d02-f544f21d150a%29
[LOG] Fetched 20 products from DB
[LOG] GET /api/products called
[LOG] [supabaseRest] Request: GET lego_products?select=*&order=id.asc
[LOG] [supabaseRest] Request: GET product_images?select=product_id%2Cimage_url&product_id=in.%280521d887-54e8-40ef-8a7f-e375015c6a3f%2C069e7d8d-e3ca-47a2-81f5-4608b6f09e0b%2C0c45acf1-d0a5-4a2c-bfa9-0d9bc54708af%2C128e6bf3-f6d5-44f4-8b1f-dcf5c8679d27%2C1e0a0fbb-438c-4f39-b4f5-11c793c41880%2C1e7d4c02-a03c-420f-b4c8-994b3deeb0a5%2C1f69d018-e691-4c44-b557-a8f7d71e1c22%2C2345c0a9-8cd6-4f7c-810c-ee7e930f4889%2C2650e2c8-dc21-44b1-b7dd-4283e29363f3%2C28bbb927-eaf8-405c-ac67-fd4ef7d88581%2C3934ebe0-6f19-427f-9009-a69b63427726%2C3a1b074f-dbf9-48c8-a87c-2d1c1a605e44%2C482a2622-fbd1-467f-bc53-4e86db748b25%2C63735378-13fc-4436-8e5a-626e73244e87%2C8a9b5b7d-4847-4984-9115-476ce13f0d53%2C9ced00d7-9f29-43ad-8eed-f8153261b479%2Cc310946a-ed1f-435e-97ec-cb766965644a%2Cc53191f1-46af-4a57-b22e-c5403a5e9c59%2Cd040a390-6056-46dc-a433-e74b80759402%2Cd94b8bbf-7da5-4df2-9d02-f544f21d150a%29
[LOG] [supabaseRest] Request: GET product_avg_ratings?select=product_id%2Cavg_rating%2Creview_count&product_id=in.%280521d887-54e8-40ef-8a7f-e375015c6a3f%2C069e7d8d-e3ca-47a2-81f5-4608b6f09e0b%2C0c45acf1-d0a5-4a2c-bfa9-0d9bc54708af%2C128e6bf3-f6d5-44f4-8b1f-dcf5c8679d27%2C1e0a0fbb-438c-4f39-b4f5-11c793c41880%2C1e7d4c02-a03c-420f-b4c8-994b3deeb0a5%2C1f69d018-e691-4c44-b557-a8f7d71e1c22%2C2345c0a9-8cd6-4f7c-810c-ee7e930f4889%2C2650e2c8-dc21-44b1-b7dd-4283e29363f3%2C28bbb927-eaf8-405c-ac67-fd4ef7d88581%2C3934ebe0-6f19-427f-9009-a69b63427726%2C3a1b074f-dbf9-48c8-a87c-2d1c1a605e44%2C482a2622-fbd1-467f-bc53-4e86db748b25%2C63735378-13fc-4436-8e5a-626e73244e87%2C8a9b5b7d-4847-4984-9115-476ce13f0d53%2C9ced00d7-9f29-43ad-8eed-f8153261b479%2Cc310946a-ed1f-435e-97ec-cb766965644a%2Cc53191f1-46af-4a57-b22e-c5403a5e9c59%2Cd040a390-6056-46dc-a433-e74b80759402%2Cd94b8bbf-7da5-4df2-9d02-f544f21d150a%29
[LOG] Fetched 20 products from DB
[LOG] GET /api/products called
[LOG] [supabaseRest] Request: GET lego_products?select=*&order=id.asc
[LOG] [supabaseRest] Request: GET product_images?select=product_id%2Cimage_url&product_id=in.%280521d887-54e8-40ef-8a7f-e375015c6a3f%2C069e7d8d-e3ca-47a2-81f5-4608b6f09e0b%2C0c45acf1-d0a5-4a2c-bfa9-0d9bc54708af%2C128e6bf3-f6d5-44f4-8b1f-dcf5c8679d27%2C1e0a0fbb-438c-4f39-b4f5-11c793c41880%2C1e7d4c02-a03c-420f-b4c8-994b3deeb0a5%2C1f69d018-e691-4c44-b557-a8f7d71e1c22%2C2345c0a9-8cd6-4f7c-810c-ee7e930f4889%2C2650e2c8-dc21-44b1-b7dd-4283e29363f3%2C28bbb927-eaf8-405c-ac67-fd4ef7d88581%2C3934ebe0-6f19-427f-9009-a69b63427726%2C3a1b074f-dbf9-48c8-a87c-2d1c1a605e44%2C482a2622-fbd1-467f-bc53-4e86db748b25%2C63735378-13fc-4436-8e5a-626e73244e87%2C8a9b5b7d-4847-4984-9115-476ce13f0d53%2C9ced00d7-9f29-43ad-8eed-f8153261b479%2Cc310946a-ed1f-435e-97ec-cb766965644a%2Cc53191f1-46af-4a57-b22e-c5403a5e9c59%2Cd040a390-6056-46dc-a433-e74b80759402%2Cd94b8bbf-7da5-4df2-9d02-f544f21d150a%29
[LOG] [supabaseRest] Request: GET product_avg_ratings?select=product_id%2Cavg_rating%2Creview_count&product_id=in.%280521d887-54e8-40ef-8a7f-e375015c6a3f%2C069e7d8d-e3ca-47a2-81f5-4608b6f09e0b%2C0c45acf1-d0a5-4a2c-bfa9-0d9bc54708af%2C128e6bf3-f6d5-44f4-8b1f-dcf5c8679d27%2C1e0a0fbb-438c-4f39-b4f5-11c793c41880%2C1e7d4c02-a03c-420f-b4c8-994b3deeb0a5%2C1f69d018-e691-4c44-b557-a8f7d71e1c22%2C2345c0a9-8cd6-4f7c-810c-ee7e930f4889%2C2650e2c8-dc21-44b1-b7dd-4283e29363f3%2C28bbb927-eaf8-405c-ac67-fd4ef7d88581%2C3934ebe0-6f19-427f-9009-a69b63427726%2C3a1b074f-dbf9-48c8-a87c-2d1c1a605e44%2C482a2622-fbd1-467f-bc53-4e86db748b25%2C63735378-13fc-4436-8e5a-626e73244e87%2C8a9b5b7d-4847-4984-9115-476ce13f0d53%2C9ced00d7-9f29-43ad-8eed-f8153261b479%2Cc310946a-ed1f-435e-97ec-cb766965644a%2Cc53191f1-46af-4a57-b22e-c5403a5e9c59%2Cd040a390-6056-46dc-a433-e74b80759402%2Cd94b8bbf-7da5-4df2-9d02-f544f21d150a%29
[LOG] Fetched 20 products from DB
[LOG] [supabaseRest] Request: GET users?select=id%2Cusername%2Cemail%2Cpassword%2Crole&email=eq.user%401234
[LOG] [supabaseRest] Request: GET carts?select=*&user_id=eq.93b77ce8-dd92-4a81-b76d-4d67e30e2a2b&limit=1
[LOG] [supabaseRest] Request: GET cart_items?select=*&cart_id=eq.1&order=created_at.desc
[LOG] [supabaseRest] Request: GET lego_products?select=*&id=in.%280c45acf1-d0a5-4a2c-bfa9-0d9bc54708af%29
[LOG] [supabaseRest] Request: GET product_images?select=product_id%2Cimage_url&product_id=in.%280c45acf1-d0a5-4a2c-bfa9-0d9bc54708af%29
[LOG] [supabaseRest] Request: GET users?select=id%2Cusername%2Cemail%2Crole&username=eq.admin
[LOG] Server running on port 5000 and bound to 0.0.0.0
[LOG] Admin user already exists, skipping seed.
[LOG] [supabaseRest] Request: GET users?select=id%2Cusername%2Cemail%2Crole&username=eq.admin
[LOG] Server running on port 5000 and bound to 0.0.0.0
[LOG] Admin user already exists, skipping seed.
[LOG] [supabaseRest] Request: GET reviews?select=product_id%2Crating
[LOG] [supabaseRest] Request: GET lego_products?select=*&order=updated_at.desc&limit=3
[LOG] [supabaseRest] Request: GET product_images?select=product_id%2Cimage_url&product_id=in.%289ced00d7-9f29-43ad-8eed-f8153261b479%2Cd94b8bbf-7da5-4df2-9d02-f544f21d150a%2C0521d887-54e8-40ef-8a7f-e375015c6a3f%29
[LOG] [supabaseRest] Request: GET reviews?select=product_id%2Crating
[LOG] [supabaseRest] Request: GET lego_products?select=*&order=updated_at.desc&limit=3
[LOG] [supabaseRest] Request: GET product_images?select=product_id%2Cimage_url&product_id=in.%289ced00d7-9f29-43ad-8eed-f8153261b479%2Cd94b8bbf-7da5-4df2-9d02-f544f21d150a%2C0521d887-54e8-40ef-8a7f-e375015c6a3f%29
[LOG] [supabaseRest] Request: GET users?select=id%2Cusername%2Cemail%2Crole&username=eq.admin
[LOG] Server running on port 5000 and bound to 0.0.0.0
[LOG] Admin user already exists, skipping seed.
[LOG] [supabaseRest] Request: GET reviews?select=product_id%2Crating
[LOG] [supabaseRest] Request: GET lego_products?select=*&order=updated_at.desc&limit=3
[LOG] [supabaseRest] Request: GET product_images?select=product_id%2Cimage_url&product_id=in.%289ced00d7-9f29-43ad-8eed-f8153261b479%2Cd94b8bbf-7da5-4df2-9d02-f544f21d150a%2C0521d887-54e8-40ef-8a7f-e375015c6a3f%29
[LOG] [supabaseRest] Request: GET reviews?select=product_id%2Crating
[LOG] [supabaseRest] Request: GET lego_products?select=*&order=updated_at.desc&limit=3
[LOG] [supabaseRest] Request: GET product_images?select=product_id%2Cimage_url&product_id=in.%289ced00d7-9f29-43ad-8eed-f8153261b479%2Cd94b8bbf-7da5-4df2-9d02-f544f21d150a%2C0521d887-54e8-40ef-8a7f-e375015c6a3f%29
[LOG] [supabaseRest] Request: GET users?select=id%2Cusername%2Cemail%2Crole&username=eq.admin
[LOG] Server running on port 5000 and bound to 0.0.0.0
[LOG] Admin user already exists, skipping seed.
[LOG] [supabaseRest] Request: GET reviews?select=product_id%2Crating
[LOG] [supabaseRest] Request: GET lego_products?select=*&order=updated_at.desc&limit=3
[LOG] [supabaseRest] Request: GET product_images?select=product_id%2Cimage_url&product_id=in.%289ced00d7-9f29-43ad-8eed-f8153261b479%2Cd94b8bbf-7da5-4df2-9d02-f544f21d150a%2C0521d887-54e8-40ef-8a7f-e375015c6a3f%29
[LOG] [supabaseRest] Request: GET reviews?select=product_id%2Crating
[LOG] [supabaseRest] Request: GET lego_products?select=*&order=updated_at.desc&limit=3
[LOG] [supabaseRest] Request: GET product_images?select=product_id%2Cimage_url&product_id=in.%289ced00d7-9f29-43ad-8eed-f8153261b479%2Cd94b8bbf-7da5-4df2-9d02-f544f21d150a%2C0521d887-54e8-40ef-8a7f-e375015c6a3f%29
[LOG] [supabaseRest] Request: GET users?select=id%2Cusername%2Cpassword%2Crole&username=eq.admin
[LOG] [admin-auth] Login attempt for username="admin". Found users: 1
[LOG] [admin-auth] User role: admin, password hash exists: true, password match: false
[LOG] [admin-auth] Password mismatch for admin user
[LOG] [supabaseRest] Request: GET users?select=id%2Cusername%2Cemail%2Crole&username=eq.admin
[LOG] Server running on port 5000 and bound to 0.0.0.0
[LOG] Admin user already exists, skipping seed.
[LOG] [supabaseRest] Request: GET users?select=id%2Cusername%2Cpassword%2Crole&username=eq.admin
[LOG] [admin-auth] Login attempt for username="admin". Found users: 1
[LOG] [admin-auth] User role: admin, password hash exists: true, password match: false
[LOG] [admin-auth] Password mismatch for admin user
[LOG] [supabaseRest] Request: GET users?select=id%2Cusername%2Cemail%2Crole&username=eq.admin
[LOG] Server running on port 5000 and bound to 0.0.0.0
[LOG] Admin user already exists, skipping seed.
[LOG] [supabaseRest] Request: GET users?select=id%2Cusername%2Cemail%2Crole&username=eq.admin
[LOG] Server running on port 5000 and bound to 0.0.0.0
[LOG] Admin user already exists, skipping seed.
[LOG] [supabaseRest] Request: GET users?select=id%2Cusername%2Cpassword%2Crole&username=eq.admin
[LOG] [admin-auth] Login attempt for username="admin". Found users: 1
[LOG] [admin-auth] Incoming password length=9, hex=61646d696e31323334
[LOG] [admin-auth] User role: admin, password hash exists: true, password match: false
[LOG] [admin-auth] Password mismatch for admin user
[LOG] [supabaseRest] Request: GET users?select=id%2Cusername%2Cpassword%2Crole&username=eq.admin
[LOG] [admin-auth] Login attempt for username="admin". Found users: 1
[LOG] [admin-auth] Incoming password length=9, hex=61646d696e31323334
[LOG] [admin-auth] User role: admin, password hash exists: true, password match: true
[LOG] [admin-auth] Successful login for admin user id=53755d65-1e4d-4bcf-8603-c0a16a5b791b
[LOG] [supabaseRest] Request: GET users?select=id%2Cusername%2Cemail%2Crole&username=eq.admin
[LOG] Server running on port 5000 and bound to 0.0.0.0
[LOG] Admin user already exists, skipping seed.
[LOG] [supabaseRest] Request: GET users?select=id%2Cusername%2Cemail%2Crole&username=eq.admin
[LOG] Server running on port 5000 and bound to 0.0.0.0
[LOG] Admin user already exists, skipping seed.
[LOG] [supabaseRest] Request: GET reviews?select=product_id%2Crating
[LOG] [supabaseRest] Request: GET lego_products?select=*&order=updated_at.desc&limit=3
[LOG] [supabaseRest] Request: GET product_images?select=product_id%2Cimage_url&product_id=in.%289ced00d7-9f29-43ad-8eed-f8153261b479%2Cd94b8bbf-7da5-4df2-9d02-f544f21d150a%2C0521d887-54e8-40ef-8a7f-e375015c6a3f%29
[LOG] [supabaseRest] Request: GET reviews?select=product_id%2Crating
[LOG] [supabaseRest] Request: GET lego_products?select=*&order=updated_at.desc&limit=3
[LOG] [supabaseRest] Request: GET product_images?select=product_id%2Cimage_url&product_id=in.%289ced00d7-9f29-43ad-8eed-f8153261b479%2Cd94b8bbf-7da5-4df2-9d02-f544f21d150a%2C0521d887-54e8-40ef-8a7f-e375015c6a3f%29
[LOG] GET /api/products called
[LOG] [supabaseRest] Request: GET lego_products?select=*&order=id.asc
[LOG] [supabaseRest] Request: GET product_images?select=product_id%2Cimage_url&product_id=in.%280521d887-54e8-40ef-8a7f-e375015c6a3f%2C069e7d8d-e3ca-47a2-81f5-4608b6f09e0b%2C0c45acf1-d0a5-4a2c-bfa9-0d9bc54708af%2C128e6bf3-f6d5-44f4-8b1f-dcf5c8679d27%2C1e0a0fbb-438c-4f39-b4f5-11c793c41880%2C1e7d4c02-a03c-420f-b4c8-994b3deeb0a5%2C1f69d018-e691-4c44-b557-a8f7d71e1c22%2C2345c0a9-8cd6-4f7c-810c-ee7e930f4889%2C2650e2c8-dc21-44b1-b7dd-4283e29363f3%2C28bbb927-eaf8-405c-ac67-fd4ef7d88581%2C3934ebe0-6f19-427f-9009-a69b63427726%2C3a1b074f-dbf9-48c8-a87c-2d1c1a605e44%2C482a2622-fbd1-467f-bc53-4e86db748b25%2C63735378-13fc-4436-8e5a-626e73244e87%2C8a9b5b7d-4847-4984-9115-476ce13f0d53%2C9ced00d7-9f29-43ad-8eed-f8153261b479%2Cc310946a-ed1f-435e-97ec-cb766965644a%2Cc53191f1-46af-4a57-b22e-c5403a5e9c59%2Cd040a390-6056-46dc-a433-e74b80759402%2Cd94b8bbf-7da5-4df2-9d02-f544f21d150a%29
[LOG] [supabaseRest] Request: GET product_avg_ratings?select=product_id%2Cavg_rating%2Creview_count&product_id=in.%280521d887-54e8-40ef-8a7f-e375015c6a3f%2C069e7d8d-e3ca-47a2-81f5-4608b6f09e0b%2C0c45acf1-d0a5-4a2c-bfa9-0d9bc54708af%2C128e6bf3-f6d5-44f4-8b1f-dcf5c8679d27%2C1e0a0fbb-438c-4f39-b4f5-11c793c41880%2C1e7d4c02-a03c-420f-b4c8-994b3deeb0a5%2C1f69d018-e691-4c44-b557-a8f7d71e1c22%2C2345c0a9-8cd6-4f7c-810c-ee7e930f4889%2C2650e2c8-dc21-44b1-b7dd-4283e29363f3%2C28bbb927-eaf8-405c-ac67-fd4ef7d88581%2C3934ebe0-6f19-427f-9009-a69b63427726%2C3a1b074f-dbf9-48c8-a87c-2d1c1a605e44%2C482a2622-fbd1-467f-bc53-4e86db748b25%2C63735378-13fc-4436-8e5a-626e73244e87%2C8a9b5b7d-4847-4984-9115-476ce13f0d53%2C9ced00d7-9f29-43ad-8eed-f8153261b479%2Cc310946a-ed1f-435e-97ec-cb766965644a%2Cc53191f1-46af-4a57-b22e-c5403a5e9c59%2Cd040a390-6056-46dc-a433-e74b80759402%2Cd94b8bbf-7da5-4df2-9d02-f544f21d150a%29
[LOG] Fetched 20 products from DB
[LOG] GET /api/products called
[LOG] [supabaseRest] Request: GET lego_products?select=*&order=id.asc
[LOG] [supabaseRest] Request: GET product_images?select=product_id%2Cimage_url&product_id=in.%280521d887-54e8-40ef-8a7f-e375015c6a3f%2C069e7d8d-e3ca-47a2-81f5-4608b6f09e0b%2C0c45acf1-d0a5-4a2c-bfa9-0d9bc54708af%2C128e6bf3-f6d5-44f4-8b1f-dcf5c8679d27%2C1e0a0fbb-438c-4f39-b4f5-11c793c41880%2C1e7d4c02-a03c-420f-b4c8-994b3deeb0a5%2C1f69d018-e691-4c44-b557-a8f7d71e1c22%2C2345c0a9-8cd6-4f7c-810c-ee7e930f4889%2C2650e2c8-dc21-44b1-b7dd-4283e29363f3%2C28bbb927-eaf8-405c-ac67-fd4ef7d88581%2C3934ebe0-6f19-427f-9009-a69b63427726%2C3a1b074f-dbf9-48c8-a87c-2d1c1a605e44%2C482a2622-fbd1-467f-bc53-4e86db748b25%2C63735378-13fc-4436-8e5a-626e73244e87%2C8a9b5b7d-4847-4984-9115-476ce13f0d53%2C9ced00d7-9f29-43ad-8eed-f8153261b479%2Cc310946a-ed1f-435e-97ec-cb766965644a%2Cc53191f1-46af-4a57-b22e-c5403a5e9c59%2Cd040a390-6056-46dc-a433-e74b80759402%2Cd94b8bbf-7da5-4df2-9d02-f544f21d150a%29
[LOG] [supabaseRest] Request: GET product_avg_ratings?select=product_id%2Cavg_rating%2Creview_count&product_id=in.%280521d887-54e8-40ef-8a7f-e375015c6a3f%2C069e7d8d-e3ca-47a2-81f5-4608b6f09e0b%2C0c45acf1-d0a5-4a2c-bfa9-0d9bc54708af%2C128e6bf3-f6d5-44f4-8b1f-dcf5c8679d27%2C1e0a0fbb-438c-4f39-b4f5-11c793c41880%2C1e7d4c02-a03c-420f-b4c8-994b3deeb0a5%2C1f69d018-e691-4c44-b557-a8f7d71e1c22%2C2345c0a9-8cd6-4f7c-810c-ee7e930f4889%2C2650e2c8-dc21-44b1-b7dd-4283e29363f3%2C28bbb927-eaf8-405c-ac67-fd4ef7d88581%2C3934ebe0-6f19-427f-9009-a69b63427726%2C3a1b074f-dbf9-48c8-a87c-2d1c1a605e44%2C482a2622-fbd1-467f-bc53-4e86db748b25%2C63735378-13fc-4436-8e5a-626e73244e87%2C8a9b5b7d-4847-4984-9115-476ce13f0d53%2C9ced00d7-9f29-43ad-8eed-f8153261b479%2Cc310946a-ed1f-435e-97ec-cb766965644a%2Cc53191f1-46af-4a57-b22e-c5403a5e9c59%2Cd040a390-6056-46dc-a433-e74b80759402%2Cd94b8bbf-7da5-4df2-9d02-f544f21d150a%29
[LOG] Fetched 20 products from DB
[LOG] [supabaseRest] Request: GET lego_products?select=*&id=eq.0c45acf1-d0a5-4a2c-bfa9-0d9bc54708af
[LOG] [supabaseRest] Request: GET product_images?select=image_url&product_id=eq.0c45acf1-d0a5-4a2c-bfa9-0d9bc54708af
[LOG] [supabaseRest] Request: GET lego_products?select=*&id=eq.0c45acf1-d0a5-4a2c-bfa9-0d9bc54708af
[LOG] [supabaseRest] Request: GET product_images?select=image_url&product_id=eq.0c45acf1-d0a5-4a2c-bfa9-0d9bc54708af
[LOG] [supabaseRest] Request: GET users?select=id%2Cusername%2Cemail%2Crole&username=eq.admin
[LOG] Server running on port 5000 and bound to 0.0.0.0
[LOG] Admin user already exists, skipping seed.
[LOG] [supabaseRest] Request: GET lego_products?select=*&id=eq.0c45acf1-d0a5-4a2c-bfa9-0d9bc54708af
[LOG] [supabaseRest] Request: GET product_images?select=image_url&product_id=eq.0c45acf1-d0a5-4a2c-bfa9-0d9bc54708af
[LOG] [supabaseRest] Request: GET lego_products?select=*&id=eq.0c45acf1-d0a5-4a2c-bfa9-0d9bc54708af
[LOG] [supabaseRest] Request: GET product_images?select=image_url&product_id=eq.0c45acf1-d0a5-4a2c-bfa9-0d9bc54708af
[LOG] [supabaseRest] Request: GET users?select=id%2Cusername%2Cemail%2Crole&username=eq.admin
[LOG] Server running on port 5000 and bound to 0.0.0.0
[LOG] Admin user already exists, skipping seed.
[LOG] [supabaseRest] Request: GET lego_products?select=*&id=eq.0c45acf1-d0a5-4a2c-bfa9-0d9bc54708af
[LOG] [supabaseRest] Request: GET product_images?select=image_url&product_id=eq.0c45acf1-d0a5-4a2c-bfa9-0d9bc54708af
[LOG] [supabaseRest] Request: GET reviews?select=rating&product_id=eq.0c45acf1-d0a5-4a2c-bfa9-0d9bc54708af
[LOG] [supabaseRest] Request: GET lego_products?select=*&id=eq.0c45acf1-d0a5-4a2c-bfa9-0d9bc54708af
[LOG] [supabaseRest] Request: GET product_images?select=image_url&product_id=eq.0c45acf1-d0a5-4a2c-bfa9-0d9bc54708af
[LOG] [supabaseRest] Request: GET reviews?select=rating&product_id=eq.0c45acf1-d0a5-4a2c-bfa9-0d9bc54708af
[LOG] [supabaseRest] Request: GET users?select=id%2Cusername%2Cemail%2Crole&username=eq.admin
[LOG] Server running on port 5000 and bound to 0.0.0.0
[LOG] Admin user already exists, skipping seed.
[LOG] [supabaseRest] Request: GET users?select=id%2Cusername%2Cemail%2Crole&username=eq.admin
[LOG] Server running on port 5000 and bound to 0.0.0.0
[LOG] Admin user already exists, skipping seed.
[LOG] [supabaseRest] Request: GET reviews?select=product_id%2Crating
[LOG] [supabaseRest] Request: GET lego_products?select=*&order=updated_at.desc&limit=3
[LOG] [supabaseRest] Request: GET product_images?select=product_id%2Cimage_url&product_id=in.%289ced00d7-9f29-43ad-8eed-f8153261b479%2Cd94b8bbf-7da5-4df2-9d02-f544f21d150a%2C0521d887-54e8-40ef-8a7f-e375015c6a3f%29
[LOG] [supabaseRest] Request: GET reviews?select=product_id%2Crating
[LOG] [supabaseRest] Request: GET lego_products?select=*&order=updated_at.desc&limit=3
[LOG] [supabaseRest] Request: GET product_images?select=product_id%2Cimage_url&product_id=in.%289ced00d7-9f29-43ad-8eed-f8153261b479%2Cd94b8bbf-7da5-4df2-9d02-f544f21d150a%2C0521d887-54e8-40ef-8a7f-e375015c6a3f%29
[LOG] [supabaseRest] Request: GET users?select=id%2Cusername%2Cpassword%2Crole&username=eq.admin
[LOG] [admin-auth] Successful DB login for admin admin id=53755d65-1e4d-4bcf-8603-c0a16a5b791b
[LOG] [supabaseRest] Request: GET users?select=id%2Cusername%2Cpassword%2Crole&username=eq.admin
[LOG] [admin-auth] Successful DB login for admin admin id=53755d65-1e4d-4bcf-8603-c0a16a5b791b
[LOG] [supabaseRest] Request: GET users?select=id%2Cusername%2Cpassword%2Crole&username=eq.admin
[LOG] [admin-auth] Successful DB login for admin admin id=53755d65-1e4d-4bcf-8603-c0a16a5b791b
[LOG] [supabaseRest] Request: GET users?select=id%2Cusername%2Cpassword%2Crole&username=eq.admin
[LOG] [admin-auth] Successful DB login for admin admin id=53755d65-1e4d-4bcf-8603-c0a16a5b791b
[LOG] [supabaseRest] Request: GET users?select=id%2Cusername%2Cpassword%2Crole&username=eq.admin
[LOG] [admin-auth] Successful DB login for admin admin id=53755d65-1e4d-4bcf-8603-c0a16a5b791b
[LOG] [supabaseRest] Request: GET users?select=id%2Cusername%2Cemail%2Crole&username=eq.admin
[LOG] Server running on port 5000 and bound to 0.0.0.0
[LOG] Admin user already exists, skipping seed.
[LOG] [supabaseRest] Request: GET reviews?select=product_id%2Crating
[LOG] [supabaseRest] Request: GET lego_products?select=*&order=updated_at.desc&limit=3
[LOG] [supabaseRest] Request: GET product_images?select=product_id%2Cimage_url&product_id=in.%289ced00d7-9f29-43ad-8eed-f8153261b479%2Cd94b8bbf-7da5-4df2-9d02-f544f21d150a%2C0521d887-54e8-40ef-8a7f-e375015c6a3f%29
[LOG] [supabaseRest] Request: GET reviews?select=product_id%2Crating
[LOG] [supabaseRest] Request: GET lego_products?select=*&order=updated_at.desc&limit=3
[LOG] [supabaseRest] Request: GET product_images?select=product_id%2Cimage_url&product_id=in.%289ced00d7-9f29-43ad-8eed-f8153261b479%2Cd94b8bbf-7da5-4df2-9d02-f544f21d150a%2C0521d887-54e8-40ef-8a7f-e375015c6a3f%29
[LOG] [supabaseRest] Request: GET users?select=id%2Cusername%2Cemail%2Crole&username=eq.admin
[LOG] Server running on port 5000 and bound to 0.0.0.0
[LOG] Admin user already exists, skipping seed.
[LOG] [supabaseRest] Request: GET users?select=id%2Cusername%2Cpassword%2Crole&username=eq.admin
[LOG] [admin-auth] Successful DB login for admin admin id=53755d65-1e4d-4bcf-8603-c0a16a5b791b
[LOG] [supabaseRest] Request: GET users?select=id%2Cusername%2Cpassword%2Crole&username=eq.admin
[LOG] [admin-auth] Successful DB login for admin admin id=53755d65-1e4d-4bcf-8603-c0a16a5b791b
[LOG] [supabaseRest] Request: GET users?select=id%2Cusername%2Cpassword%2Crole&id=eq.53755d65-1e4d-4bcf-8603-c0a16a5b791b
[LOG] [supabaseRest] Request: PATCH users?id=eq.53755d65-1e4d-4bcf-8603-c0a16a5b791b
[LOG] [supabaseRest] Request: GET users?select=id%2Cusername%2Cpassword%2Crole&username=eq.admin
[LOG] [admin-auth] Successful DB login for admin admin id=53755d65-1e4d-4bcf-8603-c0a16a5b791b
[LOG] [supabaseRest] Request: GET reviews?select=product_id%2Crating
[LOG] [supabaseRest] Request: GET lego_products?select=*&order=updated_at.desc&limit=3
[LOG] [supabaseRest] Request: GET product_images?select=product_id%2Cimage_url&product_id=in.%289ced00d7-9f29-43ad-8eed-f8153261b479%2Cd94b8bbf-7da5-4df2-9d02-f544f21d150a%2C0521d887-54e8-40ef-8a7f-e375015c6a3f%29
[LOG] [supabaseRest] Request: GET reviews?select=product_id%2Crating
[LOG] [supabaseRest] Request: GET lego_products?select=*&order=updated_at.desc&limit=3
[LOG] [supabaseRest] Request: GET product_images?select=product_id%2Cimage_url&product_id=in.%289ced00d7-9f29-43ad-8eed-f8153261b479%2Cd94b8bbf-7da5-4df2-9d02-f544f21d150a%2C0521d887-54e8-40ef-8a7f-e375015c6a3f%29
[LOG] [supabaseRest] Request: GET users?select=id%2Cusername%2Cemail%2Crole&username=eq.admin
[LOG] Server running on port 5000 and bound to 0.0.0.0
[LOG] Admin user already exists, skipping seed.
[LOG] [supabaseRest] Request: GET users?select=id%2Cusername%2Cemail%2Crole&username=eq.admin
[LOG] Server running on port 5000 and bound to 0.0.0.0
[LOG] Admin user already exists, skipping seed.
[LOG] [supabaseRest] Request: GET users?select=id%2Cusername%2Cemail%2Crole&username=eq.admin
[LOG] Server running on port 5000 and bound to 0.0.0.0
[LOG] Admin user already exists, skipping seed.
[LOG] [supabaseRest] Request: GET users?select=id%2Cusername%2Cemail%2Crole&username=eq.admin
[LOG] Server running on port 5000 and bound to 0.0.0.0
[LOG] Admin user already exists, skipping seed.
[LOG] [supabaseRest] Request: GET users?select=id%2Cusername%2Cpassword%2Crole&username=eq.admin
[LOG] [admin-auth] Successful DB login for admin admin id=53755d65-1e4d-4bcf-8603-c0a16a5b791b
[LOG] [supabaseRest] Request: GET reviews?select=product_id%2Crating
[LOG] [supabaseRest] Request: GET lego_products?select=*&order=updated_at.desc&limit=3
[LOG] [supabaseRest] Request: GET product_images?select=product_id%2Cimage_url&product_id=in.%289ced00d7-9f29-43ad-8eed-f8153261b479%2Cd94b8bbf-7da5-4df2-9d02-f544f21d150a%2C0521d887-54e8-40ef-8a7f-e375015c6a3f%29
[LOG] [supabaseRest] Request: GET reviews?select=product_id%2Crating
[LOG] [supabaseRest] Request: GET lego_products?select=*&order=updated_at.desc&limit=3
[LOG] [supabaseRest] Request: GET product_images?select=product_id%2Cimage_url&product_id=in.%289ced00d7-9f29-43ad-8eed-f8153261b479%2Cd94b8bbf-7da5-4df2-9d02-f544f21d150a%2C0521d887-54e8-40ef-8a7f-e375015c6a3f%29
[LOG] [supabaseRest] Request: GET users?select=id%2Cusername%2Cpassword%2Crole&username=eq.admin
[LOG] [admin-auth] Successful DB login for admin admin id=53755d65-1e4d-4bcf-8603-c0a16a5b791b
[LOG] [supabaseRest] Request: GET users?select=id%2Cusername%2Cpassword%2Crole&username=eq.admin
[LOG] [admin-auth] Successful DB login for admin admin id=53755d65-1e4d-4bcf-8603-c0a16a5b791b
[LOG] [supabaseRest] Request: GET users?select=id%2Cusername%2Cpassword%2Crole&username=eq.admin
[LOG] [admin-auth] Successful DB login for admin admin id=53755d65-1e4d-4bcf-8603-c0a16a5b791b
[LOG] [supabaseRest] Request: GET users?select=id%2Cusername%2Cpassword%2Crole&username=eq.admin
[LOG] [admin-auth] Successful DB login for admin admin id=53755d65-1e4d-4bcf-8603-c0a16a5b791b
[LOG] [supabaseRest] Request: GET users?select=id%2Cusername%2Cpassword%2Crole&username=eq.admin
[LOG] [admin-auth] Successful DB login for admin admin id=53755d65-1e4d-4bcf-8603-c0a16a5b791b
[LOG] [supabaseRest] Request: GET users?select=id%2Cusername%2Cpassword%2Crole&username=eq.admin
[LOG] [admin-auth] Successful DB login for admin admin id=53755d65-1e4d-4bcf-8603-c0a16a5b791b
[LOG] [supabaseRest] Request: GET users?select=id%2Cusername%2Cpassword%2Crole&username=eq.admin
[LOG] [admin-auth] Successful DB login for admin admin id=53755d65-1e4d-4bcf-8603-c0a16a5b791b
